--------------------------------------------------------
--  File created - Thursday-December-26-2019   
--------------------------------------------------------
--------------------------------------------------------
--  DDL for Sequence DEPARTMENTS_SEQ
--------------------------------------------------------

   CREATE SEQUENCE  "ZOTAC"."DEPARTMENTS_SEQ"  MINVALUE 1 MAXVALUE 9990 INCREMENT BY 10 START WITH 280 NOCACHE  NOORDER  NOCYCLE  NOKEEP  NOSCALE  GLOBAL ;
--------------------------------------------------------
--  DDL for Sequence EMPLOYEES_SEQ
--------------------------------------------------------

   CREATE SEQUENCE  "ZOTAC"."EMPLOYEES_SEQ"  MINVALUE 1 MAXVALUE 9999999999999999999999999999 INCREMENT BY 1 START WITH 207 NOCACHE  NOORDER  NOCYCLE  NOKEEP  NOSCALE  GLOBAL ;
--------------------------------------------------------
--  DDL for Sequence LOCATIONS_SEQ
--------------------------------------------------------

   CREATE SEQUENCE  "ZOTAC"."LOCATIONS_SEQ"  MINVALUE 1 MAXVALUE 9900 INCREMENT BY 100 START WITH 3300 NOCACHE  NOORDER  NOCYCLE  NOKEEP  NOSCALE  GLOBAL ;
--------------------------------------------------------
--  DDL for Table ADMIN
--------------------------------------------------------

  CREATE TABLE "ZOTAC"."ADMIN" 
   (	"ID" NUMBER, 
	"FIRST_NAME" VARCHAR2(50 BYTE), 
	"LAST_NAME" VARCHAR2(50 BYTE), 
	"TYPE" NUMBER, 
	"CONTACT_PHONE" NUMBER, 
	"PASS" VARCHAR2(50 BYTE), 
	"A" NUMBER, 
	"EMAIL" VARCHAR2(30 BYTE)
   ) SEGMENT CREATION IMMEDIATE 
  PCTFREE 10 PCTUSED 40 INITRANS 1 MAXTRANS 255 
 NOCOMPRESS LOGGING
  STORAGE(INITIAL 65536 NEXT 1048576 MINEXTENTS 1 MAXEXTENTS 2147483645
  PCTINCREASE 0 FREELISTS 1 FREELIST GROUPS 1
  BUFFER_POOL DEFAULT FLASH_CACHE DEFAULT CELL_FLASH_CACHE DEFAULT)
  TABLESPACE "SYSAUX" ;
--------------------------------------------------------
--  DDL for Table CLASS_ROOM
--------------------------------------------------------

  CREATE TABLE "ZOTAC"."CLASS_ROOM" 
   (	"B_TYPE" VARCHAR2(30 BYTE), 
	"B_ID" NUMBER
   ) SEGMENT CREATION IMMEDIATE 
  PCTFREE 10 PCTUSED 40 INITRANS 1 MAXTRANS 255 
 NOCOMPRESS LOGGING
  STORAGE(INITIAL 65536 NEXT 1048576 MINEXTENTS 1 MAXEXTENTS 2147483645
  PCTINCREASE 0 FREELISTS 1 FREELIST GROUPS 1
  BUFFER_POOL DEFAULT FLASH_CACHE DEFAULT CELL_FLASH_CACHE DEFAULT)
  TABLESPACE "SYSAUX" ;
--------------------------------------------------------
--  DDL for Table COMPUTER
--------------------------------------------------------

  CREATE TABLE "ZOTAC"."COMPUTER" 
   (	"CTYPE_ID" NUMBER, 
	"COMPUTER_TYPE" VARCHAR2(20 BYTE), 
	"TYPE_DESCRIPTION" VARCHAR2(80 BYTE), 
	"DISK_CAPACITY" NUMBER, 
	"PROCESSOR_SPEED" NUMBER
   ) SEGMENT CREATION IMMEDIATE 
  PCTFREE 10 PCTUSED 40 INITRANS 1 MAXTRANS 255 
 NOCOMPRESS LOGGING
  STORAGE(INITIAL 65536 NEXT 1048576 MINEXTENTS 1 MAXEXTENTS 2147483645
  PCTINCREASE 0 FREELISTS 1 FREELIST GROUPS 1
  BUFFER_POOL DEFAULT FLASH_CACHE DEFAULT CELL_FLASH_CACHE DEFAULT)
  TABLESPACE "SYSAUX" ;
--------------------------------------------------------
--  DDL for Table COURSE
--------------------------------------------------------

  CREATE TABLE "ZOTAC"."COURSE" 
   (	"COUR_ID" NUMBER, 
	"COURSE_DES" VARCHAR2(80 BYTE), 
	"CREADITS" NUMBER, 
	"S_ID" NUMBER
   ) SEGMENT CREATION IMMEDIATE 
  PCTFREE 10 PCTUSED 40 INITRANS 1 MAXTRANS 255 
 NOCOMPRESS LOGGING
  STORAGE(INITIAL 65536 NEXT 1048576 MINEXTENTS 1 MAXEXTENTS 2147483645
  PCTINCREASE 0 FREELISTS 1 FREELIST GROUPS 1
  BUFFER_POOL DEFAULT FLASH_CACHE DEFAULT CELL_FLASH_CACHE DEFAULT)
  TABLESPACE "SYSAUX" ;
--------------------------------------------------------
--  DDL for Table COURSES
--------------------------------------------------------

  CREATE TABLE "ZOTAC"."COURSES" 
   (	"CS_ID" NUMBER, 
	"COUR_ID" NUMBER
   ) SEGMENT CREATION IMMEDIATE 
  PCTFREE 10 PCTUSED 40 INITRANS 1 MAXTRANS 255 
 NOCOMPRESS LOGGING
  STORAGE(INITIAL 65536 NEXT 1048576 MINEXTENTS 1 MAXEXTENTS 2147483645
  PCTINCREASE 0 FREELISTS 1 FREELIST GROUPS 1
  BUFFER_POOL DEFAULT FLASH_CACHE DEFAULT CELL_FLASH_CACHE DEFAULT)
  TABLESPACE "SYSAUX" ;
--------------------------------------------------------
--  DDL for Table EMPLOYEES
--------------------------------------------------------

  CREATE TABLE "ZOTAC"."EMPLOYEES" 
   (	"EMPLOYEE_ID" NUMBER(6,0), 
	"FIRST_NAME" VARCHAR2(20 BYTE), 
	"LAST_NAME" VARCHAR2(25 BYTE), 
	"EMAIL" VARCHAR2(25 BYTE), 
	"PHONE_NUMBER" VARCHAR2(20 BYTE), 
	"HIRE_DATE" DATE, 
	"JOB_ID" VARCHAR2(10 BYTE), 
	"SALARY" NUMBER(8,2), 
	"COMMISSION_PCT" NUMBER(2,2), 
	"MANAGER_ID" NUMBER(6,0), 
	"DEPARTMENT_ID" NUMBER(4,0)
   ) SEGMENT CREATION IMMEDIATE 
  PCTFREE 10 PCTUSED 40 INITRANS 1 MAXTRANS 255 
 NOCOMPRESS LOGGING
  STORAGE(INITIAL 65536 NEXT 1048576 MINEXTENTS 1 MAXEXTENTS 2147483645
  PCTINCREASE 0 FREELISTS 1 FREELIST GROUPS 1
  BUFFER_POOL DEFAULT FLASH_CACHE DEFAULT CELL_FLASH_CACHE DEFAULT)
  TABLESPACE "SYSAUX" ;

   COMMENT ON COLUMN "ZOTAC"."EMPLOYEES"."EMPLOYEE_ID" IS 'Primary key of employees table.';
   COMMENT ON COLUMN "ZOTAC"."EMPLOYEES"."FIRST_NAME" IS 'First name of the employee. A not null column.';
   COMMENT ON COLUMN "ZOTAC"."EMPLOYEES"."LAST_NAME" IS 'Last name of the employee. A not null column.';
   COMMENT ON COLUMN "ZOTAC"."EMPLOYEES"."EMAIL" IS 'Email id of the employee';
   COMMENT ON COLUMN "ZOTAC"."EMPLOYEES"."PHONE_NUMBER" IS 'Phone number of the employee; includes country code and area code';
   COMMENT ON COLUMN "ZOTAC"."EMPLOYEES"."HIRE_DATE" IS 'Date when the employee started on this job. A not null column.';
   COMMENT ON COLUMN "ZOTAC"."EMPLOYEES"."JOB_ID" IS 'Current job of the employee; foreign key to job_id column of the
jobs table. A not null column.';
   COMMENT ON COLUMN "ZOTAC"."EMPLOYEES"."SALARY" IS 'Monthly salary of the employee. Must be greater
than zero (enforced by constraint emp_salary_min)';
   COMMENT ON COLUMN "ZOTAC"."EMPLOYEES"."COMMISSION_PCT" IS 'Commission percentage of the employee; Only employees in sales
department elgible for commission percentage';
   COMMENT ON COLUMN "ZOTAC"."EMPLOYEES"."MANAGER_ID" IS 'Manager id of the employee; has same domain as manager_id in
departments table. Foreign key to employee_id column of employees table.
(useful for reflexive joins and CONNECT BY query)';
   COMMENT ON COLUMN "ZOTAC"."EMPLOYEES"."DEPARTMENT_ID" IS 'Department id where employee works; foreign key to department_id
column of the departments table';
   COMMENT ON TABLE "ZOTAC"."EMPLOYEES"  IS 'employees table. Contains 107 rows. References with departments,
jobs, job_history tables. Contains a self reference.';
--------------------------------------------------------
--  DDL for Table INSTRUCTOR
--------------------------------------------------------

  CREATE TABLE "ZOTAC"."INSTRUCTOR" 
   (	"EMP_ID" NUMBER, 
	"NAME" VARCHAR2(50 BYTE), 
	"OFFICE_PHONE" NUMBER, 
	"RANK" VARCHAR2(20 BYTE), 
	"A" NUMBER, 
	"PASS" VARCHAR2(40 BYTE), 
	"TYPE" NUMBER, 
	"EMAIL" VARCHAR2(30 BYTE)
   ) SEGMENT CREATION IMMEDIATE 
  PCTFREE 10 PCTUSED 40 INITRANS 1 MAXTRANS 255 
 NOCOMPRESS LOGGING
  STORAGE(INITIAL 65536 NEXT 1048576 MINEXTENTS 1 MAXEXTENTS 2147483645
  PCTINCREASE 0 FREELISTS 1 FREELIST GROUPS 1
  BUFFER_POOL DEFAULT FLASH_CACHE DEFAULT CELL_FLASH_CACHE DEFAULT)
  TABLESPACE "SYSAUX" ;
--------------------------------------------------------
--  DDL for Table INSTRUCTOR_MEDIA
--------------------------------------------------------

  CREATE TABLE "ZOTAC"."INSTRUCTOR_MEDIA" 
   (	"EMP_ID" NUMBER, 
	"MTYPE_ID" NUMBER, 
	"IM_ID" NUMBER
   ) SEGMENT CREATION IMMEDIATE 
  PCTFREE 10 PCTUSED 40 INITRANS 1 MAXTRANS 255 
 NOCOMPRESS LOGGING
  STORAGE(INITIAL 65536 NEXT 1048576 MINEXTENTS 1 MAXEXTENTS 2147483645
  PCTINCREASE 0 FREELISTS 1 FREELIST GROUPS 1
  BUFFER_POOL DEFAULT FLASH_CACHE DEFAULT CELL_FLASH_CACHE DEFAULT)
  TABLESPACE "SYSAUX" ;
--------------------------------------------------------
--  DDL for Table INSTRUCTOR_TIMESLOT
--------------------------------------------------------

  CREATE TABLE "ZOTAC"."INSTRUCTOR_TIMESLOT" 
   (	"EMP_ID" NUMBER, 
	"TS_ID" NUMBER, 
	"ITS_ID" NUMBER
   ) SEGMENT CREATION IMMEDIATE 
  PCTFREE 10 PCTUSED 40 INITRANS 1 MAXTRANS 255 
 NOCOMPRESS LOGGING
  STORAGE(INITIAL 65536 NEXT 1048576 MINEXTENTS 1 MAXEXTENTS 2147483645
  PCTINCREASE 0 FREELISTS 1 FREELIST GROUPS 1
  BUFFER_POOL DEFAULT FLASH_CACHE DEFAULT CELL_FLASH_CACHE DEFAULT)
  TABLESPACE "SYSAUX" ;
--------------------------------------------------------
--  DDL for Table LAB
--------------------------------------------------------

  CREATE TABLE "ZOTAC"."LAB" 
   (	"B_ID" NUMBER, 
	"C_ID" NUMBER
   ) SEGMENT CREATION IMMEDIATE 
  PCTFREE 10 PCTUSED 40 INITRANS 1 MAXTRANS 255 
 NOCOMPRESS LOGGING
  STORAGE(INITIAL 65536 NEXT 1048576 MINEXTENTS 1 MAXEXTENTS 2147483645
  PCTINCREASE 0 FREELISTS 1 FREELIST GROUPS 1
  BUFFER_POOL DEFAULT FLASH_CACHE DEFAULT CELL_FLASH_CACHE DEFAULT)
  TABLESPACE "SYSAUX" ;
--------------------------------------------------------
--  DDL for Table MEDIA
--------------------------------------------------------

  CREATE TABLE "ZOTAC"."MEDIA" 
   (	"MTYPE_ID" NUMBER, 
	"MEDIA_TYPE" VARCHAR2(20 BYTE), 
	"TYPE_DESCRIPTION" VARCHAR2(80 BYTE)
   ) SEGMENT CREATION IMMEDIATE 
  PCTFREE 10 PCTUSED 40 INITRANS 1 MAXTRANS 255 
 NOCOMPRESS LOGGING
  STORAGE(INITIAL 65536 NEXT 1048576 MINEXTENTS 1 MAXEXTENTS 2147483645
  PCTINCREASE 0 FREELISTS 1 FREELIST GROUPS 1
  BUFFER_POOL DEFAULT FLASH_CACHE DEFAULT CELL_FLASH_CACHE DEFAULT)
  TABLESPACE "SYSAUX" ;
--------------------------------------------------------
--  DDL for Table ROOM
--------------------------------------------------------

  CREATE TABLE "ZOTAC"."ROOM" 
   (	"BUILDING_ID" NUMBER, 
	"ROON_NO" NUMBER, 
	"CAPACITY" NUMBER, 
	"ROOM_TYPE" VARCHAR2(30 BYTE)
   ) SEGMENT CREATION IMMEDIATE 
  PCTFREE 10 PCTUSED 40 INITRANS 1 MAXTRANS 255 
 NOCOMPRESS LOGGING
  STORAGE(INITIAL 65536 NEXT 1048576 MINEXTENTS 1 MAXEXTENTS 2147483645
  PCTINCREASE 0 FREELISTS 1 FREELIST GROUPS 1
  BUFFER_POOL DEFAULT FLASH_CACHE DEFAULT CELL_FLASH_CACHE DEFAULT)
  TABLESPACE "SYSAUX" ;
--------------------------------------------------------
--  DDL for Table ROOM_MEDIA
--------------------------------------------------------

  CREATE TABLE "ZOTAC"."ROOM_MEDIA" 
   (	"RN" NUMBER, 
	"MT_ID" NUMBER, 
	"RM_ID" NUMBER
   ) SEGMENT CREATION IMMEDIATE 
  PCTFREE 10 PCTUSED 40 INITRANS 1 MAXTRANS 255 
 NOCOMPRESS LOGGING
  STORAGE(INITIAL 65536 NEXT 1048576 MINEXTENTS 1 MAXEXTENTS 2147483645
  PCTINCREASE 0 FREELISTS 1 FREELIST GROUPS 1
  BUFFER_POOL DEFAULT FLASH_CACHE DEFAULT CELL_FLASH_CACHE DEFAULT)
  TABLESPACE "SYSAUX" ;
--------------------------------------------------------
--  DDL for Table SCHEDULE
--------------------------------------------------------

  CREATE TABLE "ZOTAC"."SCHEDULE" 
   (	"S_ID" NUMBER, 
	"TS_ID" NUMBER
   ) SEGMENT CREATION IMMEDIATE 
  PCTFREE 10 PCTUSED 40 INITRANS 1 MAXTRANS 255 
 NOCOMPRESS LOGGING
  STORAGE(INITIAL 65536 NEXT 1048576 MINEXTENTS 1 MAXEXTENTS 2147483645
  PCTINCREASE 0 FREELISTS 1 FREELIST GROUPS 1
  BUFFER_POOL DEFAULT FLASH_CACHE DEFAULT CELL_FLASH_CACHE DEFAULT)
  TABLESPACE "SYSAUX" ;
--------------------------------------------------------
--  DDL for Table SECTION
--------------------------------------------------------

  CREATE TABLE "ZOTAC"."SECTION" 
   (	"SEC_ID" NUMBER, 
	"ENROLLMENT_LIMIT" NUMBER, 
	"EMP_ID" NUMBER, 
	"COUR_ID" NUMBER
   ) SEGMENT CREATION IMMEDIATE 
  PCTFREE 10 PCTUSED 40 INITRANS 1 MAXTRANS 255 
 NOCOMPRESS LOGGING
  STORAGE(INITIAL 65536 NEXT 1048576 MINEXTENTS 1 MAXEXTENTS 2147483645
  PCTINCREASE 0 FREELISTS 1 FREELIST GROUPS 1
  BUFFER_POOL DEFAULT FLASH_CACHE DEFAULT CELL_FLASH_CACHE DEFAULT)
  TABLESPACE "SYSAUX" ;
--------------------------------------------------------
--  DDL for Table SECTION_SCHEDULE
--------------------------------------------------------

  CREATE TABLE "ZOTAC"."SECTION_SCHEDULE" 
   (	"S_ID" NUMBER, 
	"SEC_ID" NUMBER, 
	"SS_ID" NUMBER
   ) SEGMENT CREATION IMMEDIATE 
  PCTFREE 10 PCTUSED 40 INITRANS 1 MAXTRANS 255 
 NOCOMPRESS LOGGING
  STORAGE(INITIAL 65536 NEXT 1048576 MINEXTENTS 1 MAXEXTENTS 2147483645
  PCTINCREASE 0 FREELISTS 1 FREELIST GROUPS 1
  BUFFER_POOL DEFAULT FLASH_CACHE DEFAULT CELL_FLASH_CACHE DEFAULT)
  TABLESPACE "SYSAUX" ;
--------------------------------------------------------
--  DDL for Table STD
--------------------------------------------------------

  CREATE TABLE "ZOTAC"."STD" 
   (	"STD_ID" NUMBER, 
	"FIRST_NAME" VARCHAR2(50 BYTE), 
	"LAST_NAME" VARCHAR2(50 BYTE), 
	"TYPE" NUMBER, 
	"CONTACT_PHONE" NUMBER, 
	"PASS" VARCHAR2(50 BYTE), 
	"A" NUMBER, 
	"EMAIL" VARCHAR2(30 BYTE)
   ) SEGMENT CREATION IMMEDIATE 
  PCTFREE 10 PCTUSED 40 INITRANS 1 MAXTRANS 255 
 NOCOMPRESS LOGGING
  STORAGE(INITIAL 65536 NEXT 1048576 MINEXTENTS 1 MAXEXTENTS 2147483645
  PCTINCREASE 0 FREELISTS 1 FREELIST GROUPS 1
  BUFFER_POOL DEFAULT FLASH_CACHE DEFAULT CELL_FLASH_CACHE DEFAULT)
  TABLESPACE "SYSAUX" ;
--------------------------------------------------------
--  DDL for Table TIMESLOT
--------------------------------------------------------

  CREATE TABLE "ZOTAC"."TIMESLOT" 
   (	"TS_ID" NUMBER, 
	"DAY_OF_WEEK" DATE, 
	"START_TIME" TIMESTAMP (6), 
	"END_TIME" TIMESTAMP (6)
   ) SEGMENT CREATION IMMEDIATE 
  PCTFREE 10 PCTUSED 40 INITRANS 1 MAXTRANS 255 
 NOCOMPRESS LOGGING
  STORAGE(INITIAL 65536 NEXT 1048576 MINEXTENTS 1 MAXEXTENTS 2147483645
  PCTINCREASE 0 FREELISTS 1 FREELIST GROUPS 1
  BUFFER_POOL DEFAULT FLASH_CACHE DEFAULT CELL_FLASH_CACHE DEFAULT)
  TABLESPACE "SYSAUX" ;
--------------------------------------------------------
--  DDL for View EMP_DETAILS_VIEW
--------------------------------------------------------

  CREATE OR REPLACE FORCE EDITIONABLE VIEW "ZOTAC"."EMP_DETAILS_VIEW" ("EMPLOYEE_ID", "JOB_ID", "MANAGER_ID", "DEPARTMENT_ID", "LOCATION_ID", "COUNTRY_ID", "FIRST_NAME", "LAST_NAME", "SALARY", "COMMISSION_PCT", "DEPARTMENT_NAME", "JOB_TITLE", "CITY", "STATE_PROVINCE", "COUNTRY_NAME", "REGION_NAME") AS 
  SELECT
  e.employee_id,
  e.job_id,
  e.manager_id,
  e.department_id,
  d.location_id,
  l.country_id,
  e.first_name,
  e.last_name,
  e.salary,
  e.commission_pct,
  d.department_name,
  j.job_title,
  l.city,
  l.state_province,
  c.country_name,
  r.region_name
FROM
  employees e,
  departments d,
  jobs j,
  locations l,
  countries c,
  regions r
WHERE e.department_id = d.department_id
  AND d.location_id = l.location_id
  AND l.country_id = c.country_id
  AND c.region_id = r.region_id
  AND j.job_id = e.job_id
WITH READ ONLY
;
REM INSERTING into ZOTAC.ADMIN
SET DEFINE OFF;
Insert into ZOTAC.ADMIN (ID,FIRST_NAME,LAST_NAME,TYPE,CONTACT_PHONE,PASS,A,EMAIL) values (1,'Admin1','Zotac',1,0,'123',1,'Admin1.edu.pk');
Insert into ZOTAC.ADMIN (ID,FIRST_NAME,LAST_NAME,TYPE,CONTACT_PHONE,PASS,A,EMAIL) values (2,'Admin2','Zotac',1,0,'123',0,'Admin2.edu.pk');
REM INSERTING into ZOTAC.CLASS_ROOM
SET DEFINE OFF;
Insert into ZOTAC.CLASS_ROOM (B_TYPE,B_ID) values ('1',1);
Insert into ZOTAC.CLASS_ROOM (B_TYPE,B_ID) values ('2',2);
Insert into ZOTAC.CLASS_ROOM (B_TYPE,B_ID) values ('3',3);
Insert into ZOTAC.CLASS_ROOM (B_TYPE,B_ID) values ('4',4);
Insert into ZOTAC.CLASS_ROOM (B_TYPE,B_ID) values ('5',5);
REM INSERTING into ZOTAC.COMPUTER
SET DEFINE OFF;
Insert into ZOTAC.COMPUTER (CTYPE_ID,COMPUTER_TYPE,TYPE_DESCRIPTION,DISK_CAPACITY,PROCESSOR_SPEED) values (991,'desktop','XYZZZZ',900,3.01);
Insert into ZOTAC.COMPUTER (CTYPE_ID,COMPUTER_TYPE,TYPE_DESCRIPTION,DISK_CAPACITY,PROCESSOR_SPEED) values (993,'desktop','XYZ',900,3.01);
Insert into ZOTAC.COMPUTER (CTYPE_ID,COMPUTER_TYPE,TYPE_DESCRIPTION,DISK_CAPACITY,PROCESSOR_SPEED) values (994,'desktop','XYZ',900,3.01);
Insert into ZOTAC.COMPUTER (CTYPE_ID,COMPUTER_TYPE,TYPE_DESCRIPTION,DISK_CAPACITY,PROCESSOR_SPEED) values (995,'laptop','XYZ',900,3.01);
Insert into ZOTAC.COMPUTER (CTYPE_ID,COMPUTER_TYPE,TYPE_DESCRIPTION,DISK_CAPACITY,PROCESSOR_SPEED) values (992,'laptop','XYZ',900,3.01);
REM INSERTING into ZOTAC.COURSE
SET DEFINE OFF;
Insert into ZOTAC.COURSE (COUR_ID,COURSE_DES,CREADITS,S_ID) values (11,'XYZ',3,1);
Insert into ZOTAC.COURSE (COUR_ID,COURSE_DES,CREADITS,S_ID) values (12,'XYZ',3,2);
Insert into ZOTAC.COURSE (COUR_ID,COURSE_DES,CREADITS,S_ID) values (13,'XYZ',3,3);
Insert into ZOTAC.COURSE (COUR_ID,COURSE_DES,CREADITS,S_ID) values (14,'ABCD',3,4);
Insert into ZOTAC.COURSE (COUR_ID,COURSE_DES,CREADITS,S_ID) values (15,'XYZ',3,5);
REM INSERTING into ZOTAC.COURSES
SET DEFINE OFF;
Insert into ZOTAC.COURSES (CS_ID,COUR_ID) values (111,11);
Insert into ZOTAC.COURSES (CS_ID,COUR_ID) values (222,12);
Insert into ZOTAC.COURSES (CS_ID,COUR_ID) values (333,13);
Insert into ZOTAC.COURSES (CS_ID,COUR_ID) values (444,14);
Insert into ZOTAC.COURSES (CS_ID,COUR_ID) values (555,15);
REM INSERTING into ZOTAC.EMPLOYEES
SET DEFINE OFF;
Insert into ZOTAC.EMPLOYEES (EMPLOYEE_ID,FIRST_NAME,LAST_NAME,EMAIL,PHONE_NUMBER,HIRE_DATE,JOB_ID,SALARY,COMMISSION_PCT,MANAGER_ID,DEPARTMENT_ID) values (100,'Steven','King','SKING','515.123.4567',to_date('17-JUN-03','DD-MON-RR'),'AD_PRES',24000,null,null,90);
Insert into ZOTAC.EMPLOYEES (EMPLOYEE_ID,FIRST_NAME,LAST_NAME,EMAIL,PHONE_NUMBER,HIRE_DATE,JOB_ID,SALARY,COMMISSION_PCT,MANAGER_ID,DEPARTMENT_ID) values (101,'Neena','Kochhar','NKOCHHAR','515.123.4568',to_date('21-SEP-05','DD-MON-RR'),'AD_VP',17000,null,100,90);
Insert into ZOTAC.EMPLOYEES (EMPLOYEE_ID,FIRST_NAME,LAST_NAME,EMAIL,PHONE_NUMBER,HIRE_DATE,JOB_ID,SALARY,COMMISSION_PCT,MANAGER_ID,DEPARTMENT_ID) values (102,'Lex','De Haan','LDEHAAN','515.123.4569',to_date('13-JAN-01','DD-MON-RR'),'AD_VP',17000,null,100,90);
Insert into ZOTAC.EMPLOYEES (EMPLOYEE_ID,FIRST_NAME,LAST_NAME,EMAIL,PHONE_NUMBER,HIRE_DATE,JOB_ID,SALARY,COMMISSION_PCT,MANAGER_ID,DEPARTMENT_ID) values (103,'Alexander','Hunold','AHUNOLD','590.423.4567',to_date('03-JAN-06','DD-MON-RR'),'IT_PROG',9000,null,102,60);
Insert into ZOTAC.EMPLOYEES (EMPLOYEE_ID,FIRST_NAME,LAST_NAME,EMAIL,PHONE_NUMBER,HIRE_DATE,JOB_ID,SALARY,COMMISSION_PCT,MANAGER_ID,DEPARTMENT_ID) values (104,'Bruce','Ernst','BERNST','590.423.4568',to_date('21-MAY-07','DD-MON-RR'),'IT_PROG',6000,null,103,60);
Insert into ZOTAC.EMPLOYEES (EMPLOYEE_ID,FIRST_NAME,LAST_NAME,EMAIL,PHONE_NUMBER,HIRE_DATE,JOB_ID,SALARY,COMMISSION_PCT,MANAGER_ID,DEPARTMENT_ID) values (105,'David','Austin','DAUSTIN','590.423.4569',to_date('25-JUN-05','DD-MON-RR'),'IT_PROG',4800,null,103,60);
Insert into ZOTAC.EMPLOYEES (EMPLOYEE_ID,FIRST_NAME,LAST_NAME,EMAIL,PHONE_NUMBER,HIRE_DATE,JOB_ID,SALARY,COMMISSION_PCT,MANAGER_ID,DEPARTMENT_ID) values (106,'Valli','Pataballa','VPATABAL','590.423.4560',to_date('05-FEB-06','DD-MON-RR'),'IT_PROG',4800,null,103,60);
Insert into ZOTAC.EMPLOYEES (EMPLOYEE_ID,FIRST_NAME,LAST_NAME,EMAIL,PHONE_NUMBER,HIRE_DATE,JOB_ID,SALARY,COMMISSION_PCT,MANAGER_ID,DEPARTMENT_ID) values (107,'Diana','Lorentz','DLORENTZ','590.423.5567',to_date('07-FEB-07','DD-MON-RR'),'IT_PROG',4200,null,103,60);
Insert into ZOTAC.EMPLOYEES (EMPLOYEE_ID,FIRST_NAME,LAST_NAME,EMAIL,PHONE_NUMBER,HIRE_DATE,JOB_ID,SALARY,COMMISSION_PCT,MANAGER_ID,DEPARTMENT_ID) values (108,'Nancy','Greenberg','NGREENBE','515.124.4569',to_date('17-AUG-02','DD-MON-RR'),'FI_MGR',12008,null,101,100);
Insert into ZOTAC.EMPLOYEES (EMPLOYEE_ID,FIRST_NAME,LAST_NAME,EMAIL,PHONE_NUMBER,HIRE_DATE,JOB_ID,SALARY,COMMISSION_PCT,MANAGER_ID,DEPARTMENT_ID) values (109,'Daniel','Faviet','DFAVIET','515.124.4169',to_date('16-AUG-02','DD-MON-RR'),'FI_ACCOUNT',9000,null,108,100);
Insert into ZOTAC.EMPLOYEES (EMPLOYEE_ID,FIRST_NAME,LAST_NAME,EMAIL,PHONE_NUMBER,HIRE_DATE,JOB_ID,SALARY,COMMISSION_PCT,MANAGER_ID,DEPARTMENT_ID) values (110,'John','Chen','JCHEN','515.124.4269',to_date('28-SEP-05','DD-MON-RR'),'FI_ACCOUNT',8200,null,108,100);
Insert into ZOTAC.EMPLOYEES (EMPLOYEE_ID,FIRST_NAME,LAST_NAME,EMAIL,PHONE_NUMBER,HIRE_DATE,JOB_ID,SALARY,COMMISSION_PCT,MANAGER_ID,DEPARTMENT_ID) values (111,'Ismael','Sciarra','ISCIARRA','515.124.4369',to_date('30-SEP-05','DD-MON-RR'),'FI_ACCOUNT',7700,null,108,100);
Insert into ZOTAC.EMPLOYEES (EMPLOYEE_ID,FIRST_NAME,LAST_NAME,EMAIL,PHONE_NUMBER,HIRE_DATE,JOB_ID,SALARY,COMMISSION_PCT,MANAGER_ID,DEPARTMENT_ID) values (112,'Jose Manuel','Urman','JMURMAN','515.124.4469',to_date('07-MAR-06','DD-MON-RR'),'FI_ACCOUNT',7800,null,108,100);
Insert into ZOTAC.EMPLOYEES (EMPLOYEE_ID,FIRST_NAME,LAST_NAME,EMAIL,PHONE_NUMBER,HIRE_DATE,JOB_ID,SALARY,COMMISSION_PCT,MANAGER_ID,DEPARTMENT_ID) values (113,'Luis','Popp','LPOPP','515.124.4567',to_date('07-DEC-07','DD-MON-RR'),'FI_ACCOUNT',6900,null,108,100);
Insert into ZOTAC.EMPLOYEES (EMPLOYEE_ID,FIRST_NAME,LAST_NAME,EMAIL,PHONE_NUMBER,HIRE_DATE,JOB_ID,SALARY,COMMISSION_PCT,MANAGER_ID,DEPARTMENT_ID) values (114,'Den','Raphaely','DRAPHEAL','515.127.4561',to_date('07-DEC-02','DD-MON-RR'),'PU_MAN',11000,null,100,30);
Insert into ZOTAC.EMPLOYEES (EMPLOYEE_ID,FIRST_NAME,LAST_NAME,EMAIL,PHONE_NUMBER,HIRE_DATE,JOB_ID,SALARY,COMMISSION_PCT,MANAGER_ID,DEPARTMENT_ID) values (115,'Alexander','Khoo','AKHOO','515.127.4562',to_date('18-MAY-03','DD-MON-RR'),'PU_CLERK',3100,null,114,30);
Insert into ZOTAC.EMPLOYEES (EMPLOYEE_ID,FIRST_NAME,LAST_NAME,EMAIL,PHONE_NUMBER,HIRE_DATE,JOB_ID,SALARY,COMMISSION_PCT,MANAGER_ID,DEPARTMENT_ID) values (116,'Shelli','Baida','SBAIDA','515.127.4563',to_date('24-DEC-05','DD-MON-RR'),'PU_CLERK',2900,null,114,30);
Insert into ZOTAC.EMPLOYEES (EMPLOYEE_ID,FIRST_NAME,LAST_NAME,EMAIL,PHONE_NUMBER,HIRE_DATE,JOB_ID,SALARY,COMMISSION_PCT,MANAGER_ID,DEPARTMENT_ID) values (117,'Sigal','Tobias','STOBIAS','515.127.4564',to_date('24-JUL-05','DD-MON-RR'),'PU_CLERK',2800,null,114,30);
Insert into ZOTAC.EMPLOYEES (EMPLOYEE_ID,FIRST_NAME,LAST_NAME,EMAIL,PHONE_NUMBER,HIRE_DATE,JOB_ID,SALARY,COMMISSION_PCT,MANAGER_ID,DEPARTMENT_ID) values (118,'Guy','Himuro','GHIMURO','515.127.4565',to_date('15-NOV-06','DD-MON-RR'),'PU_CLERK',2600,null,114,30);
Insert into ZOTAC.EMPLOYEES (EMPLOYEE_ID,FIRST_NAME,LAST_NAME,EMAIL,PHONE_NUMBER,HIRE_DATE,JOB_ID,SALARY,COMMISSION_PCT,MANAGER_ID,DEPARTMENT_ID) values (119,'Karen','Colmenares','KCOLMENA','515.127.4566',to_date('10-AUG-07','DD-MON-RR'),'PU_CLERK',2500,null,114,30);
Insert into ZOTAC.EMPLOYEES (EMPLOYEE_ID,FIRST_NAME,LAST_NAME,EMAIL,PHONE_NUMBER,HIRE_DATE,JOB_ID,SALARY,COMMISSION_PCT,MANAGER_ID,DEPARTMENT_ID) values (120,'Matthew','Weiss','MWEISS','650.123.1234',to_date('18-JUL-04','DD-MON-RR'),'ST_MAN',8000,null,100,50);
Insert into ZOTAC.EMPLOYEES (EMPLOYEE_ID,FIRST_NAME,LAST_NAME,EMAIL,PHONE_NUMBER,HIRE_DATE,JOB_ID,SALARY,COMMISSION_PCT,MANAGER_ID,DEPARTMENT_ID) values (121,'Adam','Fripp','AFRIPP','650.123.2234',to_date('10-APR-05','DD-MON-RR'),'ST_MAN',8200,null,100,50);
Insert into ZOTAC.EMPLOYEES (EMPLOYEE_ID,FIRST_NAME,LAST_NAME,EMAIL,PHONE_NUMBER,HIRE_DATE,JOB_ID,SALARY,COMMISSION_PCT,MANAGER_ID,DEPARTMENT_ID) values (122,'Payam','Kaufling','PKAUFLIN','650.123.3234',to_date('01-MAY-03','DD-MON-RR'),'ST_MAN',7900,null,100,50);
Insert into ZOTAC.EMPLOYEES (EMPLOYEE_ID,FIRST_NAME,LAST_NAME,EMAIL,PHONE_NUMBER,HIRE_DATE,JOB_ID,SALARY,COMMISSION_PCT,MANAGER_ID,DEPARTMENT_ID) values (123,'Shanta','Vollman','SVOLLMAN','650.123.4234',to_date('10-OCT-05','DD-MON-RR'),'ST_MAN',6500,null,100,50);
Insert into ZOTAC.EMPLOYEES (EMPLOYEE_ID,FIRST_NAME,LAST_NAME,EMAIL,PHONE_NUMBER,HIRE_DATE,JOB_ID,SALARY,COMMISSION_PCT,MANAGER_ID,DEPARTMENT_ID) values (124,'Kevin','Mourgos','KMOURGOS','650.123.5234',to_date('16-NOV-07','DD-MON-RR'),'ST_MAN',5800,null,100,50);
Insert into ZOTAC.EMPLOYEES (EMPLOYEE_ID,FIRST_NAME,LAST_NAME,EMAIL,PHONE_NUMBER,HIRE_DATE,JOB_ID,SALARY,COMMISSION_PCT,MANAGER_ID,DEPARTMENT_ID) values (125,'Julia','Nayer','JNAYER','650.124.1214',to_date('16-JUL-05','DD-MON-RR'),'ST_CLERK',3200,null,120,50);
Insert into ZOTAC.EMPLOYEES (EMPLOYEE_ID,FIRST_NAME,LAST_NAME,EMAIL,PHONE_NUMBER,HIRE_DATE,JOB_ID,SALARY,COMMISSION_PCT,MANAGER_ID,DEPARTMENT_ID) values (126,'Irene','Mikkilineni','IMIKKILI','650.124.1224',to_date('28-SEP-06','DD-MON-RR'),'ST_CLERK',2700,null,120,50);
Insert into ZOTAC.EMPLOYEES (EMPLOYEE_ID,FIRST_NAME,LAST_NAME,EMAIL,PHONE_NUMBER,HIRE_DATE,JOB_ID,SALARY,COMMISSION_PCT,MANAGER_ID,DEPARTMENT_ID) values (127,'James','Landry','JLANDRY','650.124.1334',to_date('14-JAN-07','DD-MON-RR'),'ST_CLERK',2400,null,120,50);
Insert into ZOTAC.EMPLOYEES (EMPLOYEE_ID,FIRST_NAME,LAST_NAME,EMAIL,PHONE_NUMBER,HIRE_DATE,JOB_ID,SALARY,COMMISSION_PCT,MANAGER_ID,DEPARTMENT_ID) values (128,'Steven','Markle','SMARKLE','650.124.1434',to_date('08-MAR-08','DD-MON-RR'),'ST_CLERK',2200,null,120,50);
Insert into ZOTAC.EMPLOYEES (EMPLOYEE_ID,FIRST_NAME,LAST_NAME,EMAIL,PHONE_NUMBER,HIRE_DATE,JOB_ID,SALARY,COMMISSION_PCT,MANAGER_ID,DEPARTMENT_ID) values (129,'Laura','Bissot','LBISSOT','650.124.5234',to_date('20-AUG-05','DD-MON-RR'),'ST_CLERK',3300,null,121,50);
Insert into ZOTAC.EMPLOYEES (EMPLOYEE_ID,FIRST_NAME,LAST_NAME,EMAIL,PHONE_NUMBER,HIRE_DATE,JOB_ID,SALARY,COMMISSION_PCT,MANAGER_ID,DEPARTMENT_ID) values (130,'Mozhe','Atkinson','MATKINSO','650.124.6234',to_date('30-OCT-05','DD-MON-RR'),'ST_CLERK',2800,null,121,50);
Insert into ZOTAC.EMPLOYEES (EMPLOYEE_ID,FIRST_NAME,LAST_NAME,EMAIL,PHONE_NUMBER,HIRE_DATE,JOB_ID,SALARY,COMMISSION_PCT,MANAGER_ID,DEPARTMENT_ID) values (131,'James','Marlow','JAMRLOW','650.124.7234',to_date('16-FEB-05','DD-MON-RR'),'ST_CLERK',2500,null,121,50);
Insert into ZOTAC.EMPLOYEES (EMPLOYEE_ID,FIRST_NAME,LAST_NAME,EMAIL,PHONE_NUMBER,HIRE_DATE,JOB_ID,SALARY,COMMISSION_PCT,MANAGER_ID,DEPARTMENT_ID) values (132,'TJ','Olson','TJOLSON','650.124.8234',to_date('10-APR-07','DD-MON-RR'),'ST_CLERK',2100,null,121,50);
Insert into ZOTAC.EMPLOYEES (EMPLOYEE_ID,FIRST_NAME,LAST_NAME,EMAIL,PHONE_NUMBER,HIRE_DATE,JOB_ID,SALARY,COMMISSION_PCT,MANAGER_ID,DEPARTMENT_ID) values (133,'Jason','Mallin','JMALLIN','650.127.1934',to_date('14-JUN-04','DD-MON-RR'),'ST_CLERK',3300,null,122,50);
Insert into ZOTAC.EMPLOYEES (EMPLOYEE_ID,FIRST_NAME,LAST_NAME,EMAIL,PHONE_NUMBER,HIRE_DATE,JOB_ID,SALARY,COMMISSION_PCT,MANAGER_ID,DEPARTMENT_ID) values (134,'Michael','Rogers','MROGERS','650.127.1834',to_date('26-AUG-06','DD-MON-RR'),'ST_CLERK',2900,null,122,50);
Insert into ZOTAC.EMPLOYEES (EMPLOYEE_ID,FIRST_NAME,LAST_NAME,EMAIL,PHONE_NUMBER,HIRE_DATE,JOB_ID,SALARY,COMMISSION_PCT,MANAGER_ID,DEPARTMENT_ID) values (135,'Ki','Gee','KGEE','650.127.1734',to_date('12-DEC-07','DD-MON-RR'),'ST_CLERK',2400,null,122,50);
Insert into ZOTAC.EMPLOYEES (EMPLOYEE_ID,FIRST_NAME,LAST_NAME,EMAIL,PHONE_NUMBER,HIRE_DATE,JOB_ID,SALARY,COMMISSION_PCT,MANAGER_ID,DEPARTMENT_ID) values (136,'Hazel','Philtanker','HPHILTAN','650.127.1634',to_date('06-FEB-08','DD-MON-RR'),'ST_CLERK',2200,null,122,50);
Insert into ZOTAC.EMPLOYEES (EMPLOYEE_ID,FIRST_NAME,LAST_NAME,EMAIL,PHONE_NUMBER,HIRE_DATE,JOB_ID,SALARY,COMMISSION_PCT,MANAGER_ID,DEPARTMENT_ID) values (137,'Renske','Ladwig','RLADWIG','650.121.1234',to_date('14-JUL-03','DD-MON-RR'),'ST_CLERK',3600,null,123,50);
Insert into ZOTAC.EMPLOYEES (EMPLOYEE_ID,FIRST_NAME,LAST_NAME,EMAIL,PHONE_NUMBER,HIRE_DATE,JOB_ID,SALARY,COMMISSION_PCT,MANAGER_ID,DEPARTMENT_ID) values (138,'Stephen','Stiles','SSTILES','650.121.2034',to_date('26-OCT-05','DD-MON-RR'),'ST_CLERK',3200,null,123,50);
Insert into ZOTAC.EMPLOYEES (EMPLOYEE_ID,FIRST_NAME,LAST_NAME,EMAIL,PHONE_NUMBER,HIRE_DATE,JOB_ID,SALARY,COMMISSION_PCT,MANAGER_ID,DEPARTMENT_ID) values (139,'John','Seo','JSEO','650.121.2019',to_date('12-FEB-06','DD-MON-RR'),'ST_CLERK',2700,null,123,50);
Insert into ZOTAC.EMPLOYEES (EMPLOYEE_ID,FIRST_NAME,LAST_NAME,EMAIL,PHONE_NUMBER,HIRE_DATE,JOB_ID,SALARY,COMMISSION_PCT,MANAGER_ID,DEPARTMENT_ID) values (140,'Joshua','Patel','JPATEL','650.121.1834',to_date('06-APR-06','DD-MON-RR'),'ST_CLERK',2500,null,123,50);
Insert into ZOTAC.EMPLOYEES (EMPLOYEE_ID,FIRST_NAME,LAST_NAME,EMAIL,PHONE_NUMBER,HIRE_DATE,JOB_ID,SALARY,COMMISSION_PCT,MANAGER_ID,DEPARTMENT_ID) values (141,'Trenna','Rajs','TRAJS','650.121.8009',to_date('17-OCT-03','DD-MON-RR'),'ST_CLERK',3500,null,124,50);
Insert into ZOTAC.EMPLOYEES (EMPLOYEE_ID,FIRST_NAME,LAST_NAME,EMAIL,PHONE_NUMBER,HIRE_DATE,JOB_ID,SALARY,COMMISSION_PCT,MANAGER_ID,DEPARTMENT_ID) values (142,'Curtis','Davies','CDAVIES','650.121.2994',to_date('29-JAN-05','DD-MON-RR'),'ST_CLERK',3100,null,124,50);
Insert into ZOTAC.EMPLOYEES (EMPLOYEE_ID,FIRST_NAME,LAST_NAME,EMAIL,PHONE_NUMBER,HIRE_DATE,JOB_ID,SALARY,COMMISSION_PCT,MANAGER_ID,DEPARTMENT_ID) values (143,'Randall','Matos','RMATOS','650.121.2874',to_date('15-MAR-06','DD-MON-RR'),'ST_CLERK',2600,null,124,50);
Insert into ZOTAC.EMPLOYEES (EMPLOYEE_ID,FIRST_NAME,LAST_NAME,EMAIL,PHONE_NUMBER,HIRE_DATE,JOB_ID,SALARY,COMMISSION_PCT,MANAGER_ID,DEPARTMENT_ID) values (144,'Peter','Vargas','PVARGAS','650.121.2004',to_date('09-JUL-06','DD-MON-RR'),'ST_CLERK',2500,null,124,50);
Insert into ZOTAC.EMPLOYEES (EMPLOYEE_ID,FIRST_NAME,LAST_NAME,EMAIL,PHONE_NUMBER,HIRE_DATE,JOB_ID,SALARY,COMMISSION_PCT,MANAGER_ID,DEPARTMENT_ID) values (145,'John','Russell','JRUSSEL','011.44.1344.429268',to_date('01-OCT-04','DD-MON-RR'),'SA_MAN',14000,0.4,100,80);
Insert into ZOTAC.EMPLOYEES (EMPLOYEE_ID,FIRST_NAME,LAST_NAME,EMAIL,PHONE_NUMBER,HIRE_DATE,JOB_ID,SALARY,COMMISSION_PCT,MANAGER_ID,DEPARTMENT_ID) values (146,'Karen','Partners','KPARTNER','011.44.1344.467268',to_date('05-JAN-05','DD-MON-RR'),'SA_MAN',13500,0.3,100,80);
Insert into ZOTAC.EMPLOYEES (EMPLOYEE_ID,FIRST_NAME,LAST_NAME,EMAIL,PHONE_NUMBER,HIRE_DATE,JOB_ID,SALARY,COMMISSION_PCT,MANAGER_ID,DEPARTMENT_ID) values (147,'Alberto','Errazuriz','AERRAZUR','011.44.1344.429278',to_date('10-MAR-05','DD-MON-RR'),'SA_MAN',12000,0.3,100,80);
Insert into ZOTAC.EMPLOYEES (EMPLOYEE_ID,FIRST_NAME,LAST_NAME,EMAIL,PHONE_NUMBER,HIRE_DATE,JOB_ID,SALARY,COMMISSION_PCT,MANAGER_ID,DEPARTMENT_ID) values (148,'Gerald','Cambrault','GCAMBRAU','011.44.1344.619268',to_date('15-OCT-07','DD-MON-RR'),'SA_MAN',11000,0.3,100,80);
Insert into ZOTAC.EMPLOYEES (EMPLOYEE_ID,FIRST_NAME,LAST_NAME,EMAIL,PHONE_NUMBER,HIRE_DATE,JOB_ID,SALARY,COMMISSION_PCT,MANAGER_ID,DEPARTMENT_ID) values (149,'Eleni','Zlotkey','EZLOTKEY','011.44.1344.429018',to_date('29-JAN-08','DD-MON-RR'),'SA_MAN',10500,0.2,100,80);
Insert into ZOTAC.EMPLOYEES (EMPLOYEE_ID,FIRST_NAME,LAST_NAME,EMAIL,PHONE_NUMBER,HIRE_DATE,JOB_ID,SALARY,COMMISSION_PCT,MANAGER_ID,DEPARTMENT_ID) values (150,'Peter','Tucker','PTUCKER','011.44.1344.129268',to_date('30-JAN-05','DD-MON-RR'),'SA_REP',10000,0.3,145,80);
Insert into ZOTAC.EMPLOYEES (EMPLOYEE_ID,FIRST_NAME,LAST_NAME,EMAIL,PHONE_NUMBER,HIRE_DATE,JOB_ID,SALARY,COMMISSION_PCT,MANAGER_ID,DEPARTMENT_ID) values (151,'David','Bernstein','DBERNSTE','011.44.1344.345268',to_date('24-MAR-05','DD-MON-RR'),'SA_REP',9500,0.25,145,80);
Insert into ZOTAC.EMPLOYEES (EMPLOYEE_ID,FIRST_NAME,LAST_NAME,EMAIL,PHONE_NUMBER,HIRE_DATE,JOB_ID,SALARY,COMMISSION_PCT,MANAGER_ID,DEPARTMENT_ID) values (152,'Peter','Hall','PHALL','011.44.1344.478968',to_date('20-AUG-05','DD-MON-RR'),'SA_REP',9000,0.25,145,80);
Insert into ZOTAC.EMPLOYEES (EMPLOYEE_ID,FIRST_NAME,LAST_NAME,EMAIL,PHONE_NUMBER,HIRE_DATE,JOB_ID,SALARY,COMMISSION_PCT,MANAGER_ID,DEPARTMENT_ID) values (153,'Christopher','Olsen','COLSEN','011.44.1344.498718',to_date('30-MAR-06','DD-MON-RR'),'SA_REP',8000,0.2,145,80);
Insert into ZOTAC.EMPLOYEES (EMPLOYEE_ID,FIRST_NAME,LAST_NAME,EMAIL,PHONE_NUMBER,HIRE_DATE,JOB_ID,SALARY,COMMISSION_PCT,MANAGER_ID,DEPARTMENT_ID) values (154,'Nanette','Cambrault','NCAMBRAU','011.44.1344.987668',to_date('09-DEC-06','DD-MON-RR'),'SA_REP',7500,0.2,145,80);
Insert into ZOTAC.EMPLOYEES (EMPLOYEE_ID,FIRST_NAME,LAST_NAME,EMAIL,PHONE_NUMBER,HIRE_DATE,JOB_ID,SALARY,COMMISSION_PCT,MANAGER_ID,DEPARTMENT_ID) values (155,'Oliver','Tuvault','OTUVAULT','011.44.1344.486508',to_date('23-NOV-07','DD-MON-RR'),'SA_REP',7000,0.15,145,80);
Insert into ZOTAC.EMPLOYEES (EMPLOYEE_ID,FIRST_NAME,LAST_NAME,EMAIL,PHONE_NUMBER,HIRE_DATE,JOB_ID,SALARY,COMMISSION_PCT,MANAGER_ID,DEPARTMENT_ID) values (156,'Janette','King','JKING','011.44.1345.429268',to_date('30-JAN-04','DD-MON-RR'),'SA_REP',10000,0.35,146,80);
Insert into ZOTAC.EMPLOYEES (EMPLOYEE_ID,FIRST_NAME,LAST_NAME,EMAIL,PHONE_NUMBER,HIRE_DATE,JOB_ID,SALARY,COMMISSION_PCT,MANAGER_ID,DEPARTMENT_ID) values (157,'Patrick','Sully','PSULLY','011.44.1345.929268',to_date('04-MAR-04','DD-MON-RR'),'SA_REP',9500,0.35,146,80);
Insert into ZOTAC.EMPLOYEES (EMPLOYEE_ID,FIRST_NAME,LAST_NAME,EMAIL,PHONE_NUMBER,HIRE_DATE,JOB_ID,SALARY,COMMISSION_PCT,MANAGER_ID,DEPARTMENT_ID) values (158,'Allan','McEwen','AMCEWEN','011.44.1345.829268',to_date('01-AUG-04','DD-MON-RR'),'SA_REP',9000,0.35,146,80);
Insert into ZOTAC.EMPLOYEES (EMPLOYEE_ID,FIRST_NAME,LAST_NAME,EMAIL,PHONE_NUMBER,HIRE_DATE,JOB_ID,SALARY,COMMISSION_PCT,MANAGER_ID,DEPARTMENT_ID) values (159,'Lindsey','Smith','LSMITH','011.44.1345.729268',to_date('10-MAR-05','DD-MON-RR'),'SA_REP',8000,0.3,146,80);
Insert into ZOTAC.EMPLOYEES (EMPLOYEE_ID,FIRST_NAME,LAST_NAME,EMAIL,PHONE_NUMBER,HIRE_DATE,JOB_ID,SALARY,COMMISSION_PCT,MANAGER_ID,DEPARTMENT_ID) values (160,'Louise','Doran','LDORAN','011.44.1345.629268',to_date('15-DEC-05','DD-MON-RR'),'SA_REP',7500,0.3,146,80);
Insert into ZOTAC.EMPLOYEES (EMPLOYEE_ID,FIRST_NAME,LAST_NAME,EMAIL,PHONE_NUMBER,HIRE_DATE,JOB_ID,SALARY,COMMISSION_PCT,MANAGER_ID,DEPARTMENT_ID) values (161,'Sarath','Sewall','SSEWALL','011.44.1345.529268',to_date('03-NOV-06','DD-MON-RR'),'SA_REP',7000,0.25,146,80);
Insert into ZOTAC.EMPLOYEES (EMPLOYEE_ID,FIRST_NAME,LAST_NAME,EMAIL,PHONE_NUMBER,HIRE_DATE,JOB_ID,SALARY,COMMISSION_PCT,MANAGER_ID,DEPARTMENT_ID) values (162,'Clara','Vishney','CVISHNEY','011.44.1346.129268',to_date('11-NOV-05','DD-MON-RR'),'SA_REP',10500,0.25,147,80);
Insert into ZOTAC.EMPLOYEES (EMPLOYEE_ID,FIRST_NAME,LAST_NAME,EMAIL,PHONE_NUMBER,HIRE_DATE,JOB_ID,SALARY,COMMISSION_PCT,MANAGER_ID,DEPARTMENT_ID) values (163,'Danielle','Greene','DGREENE','011.44.1346.229268',to_date('19-MAR-07','DD-MON-RR'),'SA_REP',9500,0.15,147,80);
Insert into ZOTAC.EMPLOYEES (EMPLOYEE_ID,FIRST_NAME,LAST_NAME,EMAIL,PHONE_NUMBER,HIRE_DATE,JOB_ID,SALARY,COMMISSION_PCT,MANAGER_ID,DEPARTMENT_ID) values (164,'Mattea','Marvins','MMARVINS','011.44.1346.329268',to_date('24-JAN-08','DD-MON-RR'),'SA_REP',7200,0.1,147,80);
Insert into ZOTAC.EMPLOYEES (EMPLOYEE_ID,FIRST_NAME,LAST_NAME,EMAIL,PHONE_NUMBER,HIRE_DATE,JOB_ID,SALARY,COMMISSION_PCT,MANAGER_ID,DEPARTMENT_ID) values (165,'David','Lee','DLEE','011.44.1346.529268',to_date('23-FEB-08','DD-MON-RR'),'SA_REP',6800,0.1,147,80);
Insert into ZOTAC.EMPLOYEES (EMPLOYEE_ID,FIRST_NAME,LAST_NAME,EMAIL,PHONE_NUMBER,HIRE_DATE,JOB_ID,SALARY,COMMISSION_PCT,MANAGER_ID,DEPARTMENT_ID) values (166,'Sundar','Ande','SANDE','011.44.1346.629268',to_date('24-MAR-08','DD-MON-RR'),'SA_REP',6400,0.1,147,80);
Insert into ZOTAC.EMPLOYEES (EMPLOYEE_ID,FIRST_NAME,LAST_NAME,EMAIL,PHONE_NUMBER,HIRE_DATE,JOB_ID,SALARY,COMMISSION_PCT,MANAGER_ID,DEPARTMENT_ID) values (167,'Amit','Banda','ABANDA','011.44.1346.729268',to_date('21-APR-08','DD-MON-RR'),'SA_REP',6200,0.1,147,80);
Insert into ZOTAC.EMPLOYEES (EMPLOYEE_ID,FIRST_NAME,LAST_NAME,EMAIL,PHONE_NUMBER,HIRE_DATE,JOB_ID,SALARY,COMMISSION_PCT,MANAGER_ID,DEPARTMENT_ID) values (168,'Lisa','Ozer','LOZER','011.44.1343.929268',to_date('11-MAR-05','DD-MON-RR'),'SA_REP',11500,0.25,148,80);
Insert into ZOTAC.EMPLOYEES (EMPLOYEE_ID,FIRST_NAME,LAST_NAME,EMAIL,PHONE_NUMBER,HIRE_DATE,JOB_ID,SALARY,COMMISSION_PCT,MANAGER_ID,DEPARTMENT_ID) values (169,'Harrison','Bloom','HBLOOM','011.44.1343.829268',to_date('23-MAR-06','DD-MON-RR'),'SA_REP',10000,0.2,148,80);
Insert into ZOTAC.EMPLOYEES (EMPLOYEE_ID,FIRST_NAME,LAST_NAME,EMAIL,PHONE_NUMBER,HIRE_DATE,JOB_ID,SALARY,COMMISSION_PCT,MANAGER_ID,DEPARTMENT_ID) values (170,'Tayler','Fox','TFOX','011.44.1343.729268',to_date('24-JAN-06','DD-MON-RR'),'SA_REP',9600,0.2,148,80);
Insert into ZOTAC.EMPLOYEES (EMPLOYEE_ID,FIRST_NAME,LAST_NAME,EMAIL,PHONE_NUMBER,HIRE_DATE,JOB_ID,SALARY,COMMISSION_PCT,MANAGER_ID,DEPARTMENT_ID) values (171,'William','Smith','WSMITH','011.44.1343.629268',to_date('23-FEB-07','DD-MON-RR'),'SA_REP',7400,0.15,148,80);
Insert into ZOTAC.EMPLOYEES (EMPLOYEE_ID,FIRST_NAME,LAST_NAME,EMAIL,PHONE_NUMBER,HIRE_DATE,JOB_ID,SALARY,COMMISSION_PCT,MANAGER_ID,DEPARTMENT_ID) values (172,'Elizabeth','Bates','EBATES','011.44.1343.529268',to_date('24-MAR-07','DD-MON-RR'),'SA_REP',7300,0.15,148,80);
Insert into ZOTAC.EMPLOYEES (EMPLOYEE_ID,FIRST_NAME,LAST_NAME,EMAIL,PHONE_NUMBER,HIRE_DATE,JOB_ID,SALARY,COMMISSION_PCT,MANAGER_ID,DEPARTMENT_ID) values (173,'Sundita','Kumar','SKUMAR','011.44.1343.329268',to_date('21-APR-08','DD-MON-RR'),'SA_REP',6100,0.1,148,80);
Insert into ZOTAC.EMPLOYEES (EMPLOYEE_ID,FIRST_NAME,LAST_NAME,EMAIL,PHONE_NUMBER,HIRE_DATE,JOB_ID,SALARY,COMMISSION_PCT,MANAGER_ID,DEPARTMENT_ID) values (174,'Ellen','Abel','EABEL','011.44.1644.429267',to_date('11-MAY-04','DD-MON-RR'),'SA_REP',11000,0.3,149,80);
Insert into ZOTAC.EMPLOYEES (EMPLOYEE_ID,FIRST_NAME,LAST_NAME,EMAIL,PHONE_NUMBER,HIRE_DATE,JOB_ID,SALARY,COMMISSION_PCT,MANAGER_ID,DEPARTMENT_ID) values (175,'Alyssa','Hutton','AHUTTON','011.44.1644.429266',to_date('19-MAR-05','DD-MON-RR'),'SA_REP',8800,0.25,149,80);
Insert into ZOTAC.EMPLOYEES (EMPLOYEE_ID,FIRST_NAME,LAST_NAME,EMAIL,PHONE_NUMBER,HIRE_DATE,JOB_ID,SALARY,COMMISSION_PCT,MANAGER_ID,DEPARTMENT_ID) values (176,'Jonathon','Taylor','JTAYLOR','011.44.1644.429265',to_date('24-MAR-06','DD-MON-RR'),'SA_REP',8600,0.2,149,80);
Insert into ZOTAC.EMPLOYEES (EMPLOYEE_ID,FIRST_NAME,LAST_NAME,EMAIL,PHONE_NUMBER,HIRE_DATE,JOB_ID,SALARY,COMMISSION_PCT,MANAGER_ID,DEPARTMENT_ID) values (177,'Jack','Livingston','JLIVINGS','011.44.1644.429264',to_date('23-APR-06','DD-MON-RR'),'SA_REP',8400,0.2,149,80);
Insert into ZOTAC.EMPLOYEES (EMPLOYEE_ID,FIRST_NAME,LAST_NAME,EMAIL,PHONE_NUMBER,HIRE_DATE,JOB_ID,SALARY,COMMISSION_PCT,MANAGER_ID,DEPARTMENT_ID) values (178,'Kimberely','Grant','KGRANT','011.44.1644.429263',to_date('24-MAY-07','DD-MON-RR'),'SA_REP',7000,0.15,149,null);
Insert into ZOTAC.EMPLOYEES (EMPLOYEE_ID,FIRST_NAME,LAST_NAME,EMAIL,PHONE_NUMBER,HIRE_DATE,JOB_ID,SALARY,COMMISSION_PCT,MANAGER_ID,DEPARTMENT_ID) values (179,'Charles','Johnson','CJOHNSON','011.44.1644.429262',to_date('04-JAN-08','DD-MON-RR'),'SA_REP',6200,0.1,149,80);
Insert into ZOTAC.EMPLOYEES (EMPLOYEE_ID,FIRST_NAME,LAST_NAME,EMAIL,PHONE_NUMBER,HIRE_DATE,JOB_ID,SALARY,COMMISSION_PCT,MANAGER_ID,DEPARTMENT_ID) values (180,'Winston','Taylor','WTAYLOR','650.507.9876',to_date('24-JAN-06','DD-MON-RR'),'SH_CLERK',3200,null,120,50);
Insert into ZOTAC.EMPLOYEES (EMPLOYEE_ID,FIRST_NAME,LAST_NAME,EMAIL,PHONE_NUMBER,HIRE_DATE,JOB_ID,SALARY,COMMISSION_PCT,MANAGER_ID,DEPARTMENT_ID) values (181,'Jean','Fleaur','JFLEAUR','650.507.9877',to_date('23-FEB-06','DD-MON-RR'),'SH_CLERK',3100,null,120,50);
Insert into ZOTAC.EMPLOYEES (EMPLOYEE_ID,FIRST_NAME,LAST_NAME,EMAIL,PHONE_NUMBER,HIRE_DATE,JOB_ID,SALARY,COMMISSION_PCT,MANAGER_ID,DEPARTMENT_ID) values (182,'Martha','Sullivan','MSULLIVA','650.507.9878',to_date('21-JUN-07','DD-MON-RR'),'SH_CLERK',2500,null,120,50);
Insert into ZOTAC.EMPLOYEES (EMPLOYEE_ID,FIRST_NAME,LAST_NAME,EMAIL,PHONE_NUMBER,HIRE_DATE,JOB_ID,SALARY,COMMISSION_PCT,MANAGER_ID,DEPARTMENT_ID) values (183,'Girard','Geoni','GGEONI','650.507.9879',to_date('03-FEB-08','DD-MON-RR'),'SH_CLERK',2800,null,120,50);
Insert into ZOTAC.EMPLOYEES (EMPLOYEE_ID,FIRST_NAME,LAST_NAME,EMAIL,PHONE_NUMBER,HIRE_DATE,JOB_ID,SALARY,COMMISSION_PCT,MANAGER_ID,DEPARTMENT_ID) values (184,'Nandita','Sarchand','NSARCHAN','650.509.1876',to_date('27-JAN-04','DD-MON-RR'),'SH_CLERK',4200,null,121,50);
Insert into ZOTAC.EMPLOYEES (EMPLOYEE_ID,FIRST_NAME,LAST_NAME,EMAIL,PHONE_NUMBER,HIRE_DATE,JOB_ID,SALARY,COMMISSION_PCT,MANAGER_ID,DEPARTMENT_ID) values (185,'Alexis','Bull','ABULL','650.509.2876',to_date('20-FEB-05','DD-MON-RR'),'SH_CLERK',4100,null,121,50);
Insert into ZOTAC.EMPLOYEES (EMPLOYEE_ID,FIRST_NAME,LAST_NAME,EMAIL,PHONE_NUMBER,HIRE_DATE,JOB_ID,SALARY,COMMISSION_PCT,MANAGER_ID,DEPARTMENT_ID) values (186,'Julia','Dellinger','JDELLING','650.509.3876',to_date('24-JUN-06','DD-MON-RR'),'SH_CLERK',3400,null,121,50);
Insert into ZOTAC.EMPLOYEES (EMPLOYEE_ID,FIRST_NAME,LAST_NAME,EMAIL,PHONE_NUMBER,HIRE_DATE,JOB_ID,SALARY,COMMISSION_PCT,MANAGER_ID,DEPARTMENT_ID) values (187,'Anthony','Cabrio','ACABRIO','650.509.4876',to_date('07-FEB-07','DD-MON-RR'),'SH_CLERK',3000,null,121,50);
Insert into ZOTAC.EMPLOYEES (EMPLOYEE_ID,FIRST_NAME,LAST_NAME,EMAIL,PHONE_NUMBER,HIRE_DATE,JOB_ID,SALARY,COMMISSION_PCT,MANAGER_ID,DEPARTMENT_ID) values (188,'Kelly','Chung','KCHUNG','650.505.1876',to_date('14-JUN-05','DD-MON-RR'),'SH_CLERK',3800,null,122,50);
Insert into ZOTAC.EMPLOYEES (EMPLOYEE_ID,FIRST_NAME,LAST_NAME,EMAIL,PHONE_NUMBER,HIRE_DATE,JOB_ID,SALARY,COMMISSION_PCT,MANAGER_ID,DEPARTMENT_ID) values (189,'Jennifer','Dilly','JDILLY','650.505.2876',to_date('13-AUG-05','DD-MON-RR'),'SH_CLERK',3600,null,122,50);
Insert into ZOTAC.EMPLOYEES (EMPLOYEE_ID,FIRST_NAME,LAST_NAME,EMAIL,PHONE_NUMBER,HIRE_DATE,JOB_ID,SALARY,COMMISSION_PCT,MANAGER_ID,DEPARTMENT_ID) values (190,'Timothy','Gates','TGATES','650.505.3876',to_date('11-JUL-06','DD-MON-RR'),'SH_CLERK',2900,null,122,50);
Insert into ZOTAC.EMPLOYEES (EMPLOYEE_ID,FIRST_NAME,LAST_NAME,EMAIL,PHONE_NUMBER,HIRE_DATE,JOB_ID,SALARY,COMMISSION_PCT,MANAGER_ID,DEPARTMENT_ID) values (191,'Randall','Perkins','RPERKINS','650.505.4876',to_date('19-DEC-07','DD-MON-RR'),'SH_CLERK',2500,null,122,50);
Insert into ZOTAC.EMPLOYEES (EMPLOYEE_ID,FIRST_NAME,LAST_NAME,EMAIL,PHONE_NUMBER,HIRE_DATE,JOB_ID,SALARY,COMMISSION_PCT,MANAGER_ID,DEPARTMENT_ID) values (192,'Sarah','Bell','SBELL','650.501.1876',to_date('04-FEB-04','DD-MON-RR'),'SH_CLERK',4000,null,123,50);
Insert into ZOTAC.EMPLOYEES (EMPLOYEE_ID,FIRST_NAME,LAST_NAME,EMAIL,PHONE_NUMBER,HIRE_DATE,JOB_ID,SALARY,COMMISSION_PCT,MANAGER_ID,DEPARTMENT_ID) values (193,'Britney','Everett','BEVERETT','650.501.2876',to_date('03-MAR-05','DD-MON-RR'),'SH_CLERK',3900,null,123,50);
Insert into ZOTAC.EMPLOYEES (EMPLOYEE_ID,FIRST_NAME,LAST_NAME,EMAIL,PHONE_NUMBER,HIRE_DATE,JOB_ID,SALARY,COMMISSION_PCT,MANAGER_ID,DEPARTMENT_ID) values (194,'Samuel','McCain','SMCCAIN','650.501.3876',to_date('01-JUL-06','DD-MON-RR'),'SH_CLERK',3200,null,123,50);
Insert into ZOTAC.EMPLOYEES (EMPLOYEE_ID,FIRST_NAME,LAST_NAME,EMAIL,PHONE_NUMBER,HIRE_DATE,JOB_ID,SALARY,COMMISSION_PCT,MANAGER_ID,DEPARTMENT_ID) values (195,'Vance','Jones','VJONES','650.501.4876',to_date('17-MAR-07','DD-MON-RR'),'SH_CLERK',2800,null,123,50);
Insert into ZOTAC.EMPLOYEES (EMPLOYEE_ID,FIRST_NAME,LAST_NAME,EMAIL,PHONE_NUMBER,HIRE_DATE,JOB_ID,SALARY,COMMISSION_PCT,MANAGER_ID,DEPARTMENT_ID) values (196,'Alana','Walsh','AWALSH','650.507.9811',to_date('24-APR-06','DD-MON-RR'),'SH_CLERK',3100,null,124,50);
Insert into ZOTAC.EMPLOYEES (EMPLOYEE_ID,FIRST_NAME,LAST_NAME,EMAIL,PHONE_NUMBER,HIRE_DATE,JOB_ID,SALARY,COMMISSION_PCT,MANAGER_ID,DEPARTMENT_ID) values (197,'Kevin','Feeney','KFEENEY','650.507.9822',to_date('23-MAY-06','DD-MON-RR'),'SH_CLERK',3000,null,124,50);
Insert into ZOTAC.EMPLOYEES (EMPLOYEE_ID,FIRST_NAME,LAST_NAME,EMAIL,PHONE_NUMBER,HIRE_DATE,JOB_ID,SALARY,COMMISSION_PCT,MANAGER_ID,DEPARTMENT_ID) values (198,'Donald','OConnell','DOCONNEL','650.507.9833',to_date('21-JUN-07','DD-MON-RR'),'SH_CLERK',2600,null,124,50);
Insert into ZOTAC.EMPLOYEES (EMPLOYEE_ID,FIRST_NAME,LAST_NAME,EMAIL,PHONE_NUMBER,HIRE_DATE,JOB_ID,SALARY,COMMISSION_PCT,MANAGER_ID,DEPARTMENT_ID) values (199,'Douglas','Grant','DGRANT','650.507.9844',to_date('13-JAN-08','DD-MON-RR'),'SH_CLERK',2600,null,124,50);
Insert into ZOTAC.EMPLOYEES (EMPLOYEE_ID,FIRST_NAME,LAST_NAME,EMAIL,PHONE_NUMBER,HIRE_DATE,JOB_ID,SALARY,COMMISSION_PCT,MANAGER_ID,DEPARTMENT_ID) values (200,'Jennifer','Whalen','JWHALEN','515.123.4444',to_date('17-SEP-03','DD-MON-RR'),'AD_ASST',4400,null,101,10);
Insert into ZOTAC.EMPLOYEES (EMPLOYEE_ID,FIRST_NAME,LAST_NAME,EMAIL,PHONE_NUMBER,HIRE_DATE,JOB_ID,SALARY,COMMISSION_PCT,MANAGER_ID,DEPARTMENT_ID) values (201,'Michael','Hartstein','MHARTSTE','515.123.5555',to_date('17-FEB-04','DD-MON-RR'),'MK_MAN',13000,null,100,20);
Insert into ZOTAC.EMPLOYEES (EMPLOYEE_ID,FIRST_NAME,LAST_NAME,EMAIL,PHONE_NUMBER,HIRE_DATE,JOB_ID,SALARY,COMMISSION_PCT,MANAGER_ID,DEPARTMENT_ID) values (202,'Pat','Fay','PFAY','603.123.6666',to_date('17-AUG-05','DD-MON-RR'),'MK_REP',6000,null,201,20);
Insert into ZOTAC.EMPLOYEES (EMPLOYEE_ID,FIRST_NAME,LAST_NAME,EMAIL,PHONE_NUMBER,HIRE_DATE,JOB_ID,SALARY,COMMISSION_PCT,MANAGER_ID,DEPARTMENT_ID) values (203,'Susan','Mavris','SMAVRIS','515.123.7777',to_date('07-JUN-02','DD-MON-RR'),'HR_REP',6500,null,101,40);
Insert into ZOTAC.EMPLOYEES (EMPLOYEE_ID,FIRST_NAME,LAST_NAME,EMAIL,PHONE_NUMBER,HIRE_DATE,JOB_ID,SALARY,COMMISSION_PCT,MANAGER_ID,DEPARTMENT_ID) values (204,'Hermann','Baer','HBAER','515.123.8888',to_date('07-JUN-02','DD-MON-RR'),'PR_REP',10000,null,101,70);
Insert into ZOTAC.EMPLOYEES (EMPLOYEE_ID,FIRST_NAME,LAST_NAME,EMAIL,PHONE_NUMBER,HIRE_DATE,JOB_ID,SALARY,COMMISSION_PCT,MANAGER_ID,DEPARTMENT_ID) values (205,'Shelley','Higgins','SHIGGINS','515.123.8080',to_date('07-JUN-02','DD-MON-RR'),'AC_MGR',12008,null,101,110);
Insert into ZOTAC.EMPLOYEES (EMPLOYEE_ID,FIRST_NAME,LAST_NAME,EMAIL,PHONE_NUMBER,HIRE_DATE,JOB_ID,SALARY,COMMISSION_PCT,MANAGER_ID,DEPARTMENT_ID) values (206,'William','Gietz','WGIETZ','515.123.8181',to_date('07-JUN-02','DD-MON-RR'),'AC_ACCOUNT',8300,null,205,110);
REM INSERTING into ZOTAC.INSTRUCTOR
SET DEFINE OFF;
Insert into ZOTAC.INSTRUCTOR (EMP_ID,NAME,OFFICE_PHONE,RANK,A,PASS,TYPE,EMAIL) values (6,'Hina',1111111,'INS',0,'0',2,'Hina.edu.pk');
Insert into ZOTAC.INSTRUCTOR (EMP_ID,NAME,OFFICE_PHONE,RANK,A,PASS,TYPE,EMAIL) values (1,'Yasir',2222222,'INS',0,'123',null,'Yasir.edu.pk');
Insert into ZOTAC.INSTRUCTOR (EMP_ID,NAME,OFFICE_PHONE,RANK,A,PASS,TYPE,EMAIL) values (2,'Ahmad Ali',11111111,'INS',0,'0',null,'Ahmad_Ali.edu.pk');
Insert into ZOTAC.INSTRUCTOR (EMP_ID,NAME,OFFICE_PHONE,RANK,A,PASS,TYPE,EMAIL) values (3,'Yaha Khan',11111111,'INS',0,'123',null,'Yaha_khan.edu.pk');
Insert into ZOTAC.INSTRUCTOR (EMP_ID,NAME,OFFICE_PHONE,RANK,A,PASS,TYPE,EMAIL) values (4,'Omar Jawad',11111111,'INS',0,'0',null,'Omar_Jawad.edu.pk');
Insert into ZOTAC.INSTRUCTOR (EMP_ID,NAME,OFFICE_PHONE,RANK,A,PASS,TYPE,EMAIL) values (5,'Hamza Ali',11111111,'INS',0,'123',null,'Hamza_Ali.edu.pk');
REM INSERTING into ZOTAC.INSTRUCTOR_MEDIA
SET DEFINE OFF;
Insert into ZOTAC.INSTRUCTOR_MEDIA (EMP_ID,MTYPE_ID,IM_ID) values (5,14,9);
Insert into ZOTAC.INSTRUCTOR_MEDIA (EMP_ID,MTYPE_ID,IM_ID) values (3,13,99);
Insert into ZOTAC.INSTRUCTOR_MEDIA (EMP_ID,MTYPE_ID,IM_ID) values (4,14,111);
Insert into ZOTAC.INSTRUCTOR_MEDIA (EMP_ID,MTYPE_ID,IM_ID) values (2,15,222);
Insert into ZOTAC.INSTRUCTOR_MEDIA (EMP_ID,MTYPE_ID,IM_ID) values (5,16,999);
REM INSERTING into ZOTAC.INSTRUCTOR_TIMESLOT
SET DEFINE OFF;
Insert into ZOTAC.INSTRUCTOR_TIMESLOT (EMP_ID,TS_ID,ITS_ID) values (1,1,91);
Insert into ZOTAC.INSTRUCTOR_TIMESLOT (EMP_ID,TS_ID,ITS_ID) values (2,2,92);
Insert into ZOTAC.INSTRUCTOR_TIMESLOT (EMP_ID,TS_ID,ITS_ID) values (3,3,93);
Insert into ZOTAC.INSTRUCTOR_TIMESLOT (EMP_ID,TS_ID,ITS_ID) values (4,4,94);
Insert into ZOTAC.INSTRUCTOR_TIMESLOT (EMP_ID,TS_ID,ITS_ID) values (5,5,95);
REM INSERTING into ZOTAC.LAB
SET DEFINE OFF;
Insert into ZOTAC.LAB (B_ID,C_ID) values (1,991);
Insert into ZOTAC.LAB (B_ID,C_ID) values (2,992);
Insert into ZOTAC.LAB (B_ID,C_ID) values (3,993);
Insert into ZOTAC.LAB (B_ID,C_ID) values (4,994);
Insert into ZOTAC.LAB (B_ID,C_ID) values (5,995);
REM INSERTING into ZOTAC.MEDIA
SET DEFINE OFF;
Insert into ZOTAC.MEDIA (MTYPE_ID,MEDIA_TYPE,TYPE_DESCRIPTION) values (12,'project','XYZ');
Insert into ZOTAC.MEDIA (MTYPE_ID,MEDIA_TYPE,TYPE_DESCRIPTION) values (13,'project','XYZ');
Insert into ZOTAC.MEDIA (MTYPE_ID,MEDIA_TYPE,TYPE_DESCRIPTION) values (14,'computer','XYZ');
Insert into ZOTAC.MEDIA (MTYPE_ID,MEDIA_TYPE,TYPE_DESCRIPTION) values (15,'project','XYZ');
Insert into ZOTAC.MEDIA (MTYPE_ID,MEDIA_TYPE,TYPE_DESCRIPTION) values (16,'project','XYZ');
REM INSERTING into ZOTAC.ROOM
SET DEFINE OFF;
Insert into ZOTAC.ROOM (BUILDING_ID,ROON_NO,CAPACITY,ROOM_TYPE) values (1,101,50,'class room');
Insert into ZOTAC.ROOM (BUILDING_ID,ROON_NO,CAPACITY,ROOM_TYPE) values (2,101,50,'class room');
Insert into ZOTAC.ROOM (BUILDING_ID,ROON_NO,CAPACITY,ROOM_TYPE) values (3,101,50,'class room');
Insert into ZOTAC.ROOM (BUILDING_ID,ROON_NO,CAPACITY,ROOM_TYPE) values (4,101,50,'lab room');
Insert into ZOTAC.ROOM (BUILDING_ID,ROON_NO,CAPACITY,ROOM_TYPE) values (5,101,50,'lab room');
REM INSERTING into ZOTAC.ROOM_MEDIA
SET DEFINE OFF;
Insert into ZOTAC.ROOM_MEDIA (RN,MT_ID,RM_ID) values (1,12,1);
Insert into ZOTAC.ROOM_MEDIA (RN,MT_ID,RM_ID) values (2,13,2);
Insert into ZOTAC.ROOM_MEDIA (RN,MT_ID,RM_ID) values (3,14,3);
Insert into ZOTAC.ROOM_MEDIA (RN,MT_ID,RM_ID) values (4,15,4);
Insert into ZOTAC.ROOM_MEDIA (RN,MT_ID,RM_ID) values (5,16,5);
REM INSERTING into ZOTAC.SCHEDULE
SET DEFINE OFF;
Insert into ZOTAC.SCHEDULE (S_ID,TS_ID) values (22,2);
Insert into ZOTAC.SCHEDULE (S_ID,TS_ID) values (33,3);
Insert into ZOTAC.SCHEDULE (S_ID,TS_ID) values (44,4);
Insert into ZOTAC.SCHEDULE (S_ID,TS_ID) values (55,5);
REM INSERTING into ZOTAC.SECTION
SET DEFINE OFF;
Insert into ZOTAC.SECTION (SEC_ID,ENROLLMENT_LIMIT,EMP_ID,COUR_ID) values (3,45,3,13);
Insert into ZOTAC.SECTION (SEC_ID,ENROLLMENT_LIMIT,EMP_ID,COUR_ID) values (4,30,5,14);
Insert into ZOTAC.SECTION (SEC_ID,ENROLLMENT_LIMIT,EMP_ID,COUR_ID) values (1,50,1,11);
Insert into ZOTAC.SECTION (SEC_ID,ENROLLMENT_LIMIT,EMP_ID,COUR_ID) values (5,38,5,15);
Insert into ZOTAC.SECTION (SEC_ID,ENROLLMENT_LIMIT,EMP_ID,COUR_ID) values (2,25,2,12);
Insert into ZOTAC.SECTION (SEC_ID,ENROLLMENT_LIMIT,EMP_ID,COUR_ID) values (88,50,6,11);
Insert into ZOTAC.SECTION (SEC_ID,ENROLLMENT_LIMIT,EMP_ID,COUR_ID) values (22,50,3,11);
REM INSERTING into ZOTAC.SECTION_SCHEDULE
SET DEFINE OFF;
Insert into ZOTAC.SECTION_SCHEDULE (S_ID,SEC_ID,SS_ID) values (55,2,6);
Insert into ZOTAC.SECTION_SCHEDULE (S_ID,SEC_ID,SS_ID) values (33,4,2);
Insert into ZOTAC.SECTION_SCHEDULE (S_ID,SEC_ID,SS_ID) values (22,3,1);
Insert into ZOTAC.SECTION_SCHEDULE (S_ID,SEC_ID,SS_ID) values (22,1,9);
Insert into ZOTAC.SECTION_SCHEDULE (S_ID,SEC_ID,SS_ID) values (44,3,4);
REM INSERTING into ZOTAC.STD
SET DEFINE OFF;
Insert into ZOTAC.STD (STD_ID,FIRST_NAME,LAST_NAME,TYPE,CONTACT_PHONE,PASS,A,EMAIL) values (1,'Yasir','Khan',3,7421673612,'0',0,'yasirkhan@gmail.com');
Insert into ZOTAC.STD (STD_ID,FIRST_NAME,LAST_NAME,TYPE,CONTACT_PHONE,PASS,A,EMAIL) values (4,'Hamza','Shah',3,282472371,'0',0,'hamzashah@gmail.com');
Insert into ZOTAC.STD (STD_ID,FIRST_NAME,LAST_NAME,TYPE,CONTACT_PHONE,PASS,A,EMAIL) values (2,'Hina','Khan',1,32475828742,'123',0,'HinaKhan43@gmail.com');
Insert into ZOTAC.STD (STD_ID,FIRST_NAME,LAST_NAME,TYPE,CONTACT_PHONE,PASS,A,EMAIL) values (99,'Ana','Khan',3,11111111,'0',0,'AnaKhan@gmail.com');
Insert into ZOTAC.STD (STD_ID,FIRST_NAME,LAST_NAME,TYPE,CONTACT_PHONE,PASS,A,EMAIL) values (3,'Ahmad','Ali',3,92346483621,'0',0,'ahmadali@gmail.com');
REM INSERTING into ZOTAC.TIMESLOT
SET DEFINE OFF;
Insert into ZOTAC.TIMESLOT (TS_ID,DAY_OF_WEEK,START_TIME,END_TIME) values (6,to_date('01-JAN-12','DD-MON-RR'),to_timestamp('01-JAN-12 02.00.00.000000000 AM','DD-MON-RR HH.MI.SSXFF AM'),to_timestamp('01-JAN-12 04.00.00.000000000 AM','DD-MON-RR HH.MI.SSXFF AM'));
Insert into ZOTAC.TIMESLOT (TS_ID,DAY_OF_WEEK,START_TIME,END_TIME) values (1,to_date('01-JAN-12','DD-MON-RR'),to_timestamp('01-JAN-12 02.00.00.000000000 AM','DD-MON-RR HH.MI.SSXFF AM'),to_timestamp('01-JAN-12 04.00.00.000000000 AM','DD-MON-RR HH.MI.SSXFF AM'));
Insert into ZOTAC.TIMESLOT (TS_ID,DAY_OF_WEEK,START_TIME,END_TIME) values (2,to_date('01-JAN-12','DD-MON-RR'),to_timestamp('01-JAN-12 02.00.00.000000000 AM','DD-MON-RR HH.MI.SSXFF AM'),to_timestamp('01-JAN-12 04.00.00.000000000 AM','DD-MON-RR HH.MI.SSXFF AM'));
Insert into ZOTAC.TIMESLOT (TS_ID,DAY_OF_WEEK,START_TIME,END_TIME) values (3,to_date('01-JAN-12','DD-MON-RR'),to_timestamp('01-JAN-12 02.00.00.000000000 AM','DD-MON-RR HH.MI.SSXFF AM'),to_timestamp('01-JAN-12 04.00.00.000000000 AM','DD-MON-RR HH.MI.SSXFF AM'));
Insert into ZOTAC.TIMESLOT (TS_ID,DAY_OF_WEEK,START_TIME,END_TIME) values (4,to_date('01-JAN-12','DD-MON-RR'),to_timestamp('01-JAN-12 02.00.00.000000000 AM','DD-MON-RR HH.MI.SSXFF AM'),to_timestamp('01-JAN-12 04.00.00.000000000 AM','DD-MON-RR HH.MI.SSXFF AM'));
Insert into ZOTAC.TIMESLOT (TS_ID,DAY_OF_WEEK,START_TIME,END_TIME) values (5,to_date('01-JAN-12','DD-MON-RR'),to_timestamp('01-JAN-12 02.00.00.000000000 AM','DD-MON-RR HH.MI.SSXFF AM'),to_timestamp('01-JAN-12 04.00.00.000000000 AM','DD-MON-RR HH.MI.SSXFF AM'));
--------------------------------------------------------
--  DDL for Index RK_ROOM_B_ID
--------------------------------------------------------

  CREATE UNIQUE INDEX "ZOTAC"."RK_ROOM_B_ID" ON "ZOTAC"."ROOM" ("BUILDING_ID") 
  PCTFREE 10 INITRANS 2 MAXTRANS 255 COMPUTE STATISTICS 
  STORAGE(INITIAL 65536 NEXT 1048576 MINEXTENTS 1 MAXEXTENTS 2147483645
  PCTINCREASE 0 FREELISTS 1 FREELIST GROUPS 1
  BUFFER_POOL DEFAULT FLASH_CACHE DEFAULT CELL_FLASH_CACHE DEFAULT)
  TABLESPACE "SYSAUX" ;
--------------------------------------------------------
--  DDL for Index ADMIN
--------------------------------------------------------

  CREATE UNIQUE INDEX "ZOTAC"."ADMIN" ON "ZOTAC"."ADMIN" ("ID") 
  PCTFREE 10 INITRANS 2 MAXTRANS 255 COMPUTE STATISTICS 
  STORAGE(INITIAL 65536 NEXT 1048576 MINEXTENTS 1 MAXEXTENTS 2147483645
  PCTINCREASE 0 FREELISTS 1 FREELIST GROUPS 1
  BUFFER_POOL DEFAULT FLASH_CACHE DEFAULT CELL_FLASH_CACHE DEFAULT)
  TABLESPACE "SYSAUX" ;
--------------------------------------------------------
--  DDL for Index EMP_EMAIL_UK
--------------------------------------------------------

  CREATE UNIQUE INDEX "ZOTAC"."EMP_EMAIL_UK" ON "ZOTAC"."EMPLOYEES" ("EMAIL") 
  PCTFREE 10 INITRANS 2 MAXTRANS 255 COMPUTE STATISTICS 
  STORAGE(INITIAL 65536 NEXT 1048576 MINEXTENTS 1 MAXEXTENTS 2147483645
  PCTINCREASE 0 FREELISTS 1 FREELIST GROUPS 1
  BUFFER_POOL DEFAULT FLASH_CACHE DEFAULT CELL_FLASH_CACHE DEFAULT)
  TABLESPACE "SYSAUX" ;
--------------------------------------------------------
--  DDL for Index EMP_JOB_IX
--------------------------------------------------------

  CREATE INDEX "ZOTAC"."EMP_JOB_IX" ON "ZOTAC"."EMPLOYEES" ("JOB_ID") 
  PCTFREE 10 INITRANS 2 MAXTRANS 255 COMPUTE STATISTICS 
  STORAGE(INITIAL 65536 NEXT 1048576 MINEXTENTS 1 MAXEXTENTS 2147483645
  PCTINCREASE 0 FREELISTS 1 FREELIST GROUPS 1
  BUFFER_POOL DEFAULT FLASH_CACHE DEFAULT CELL_FLASH_CACHE DEFAULT)
  TABLESPACE "SYSAUX" ;
--------------------------------------------------------
--  DDL for Index MEDIA_ID
--------------------------------------------------------

  CREATE UNIQUE INDEX "ZOTAC"."MEDIA_ID" ON "ZOTAC"."MEDIA" ("MTYPE_ID") 
  PCTFREE 10 INITRANS 2 MAXTRANS 255 COMPUTE STATISTICS 
  STORAGE(INITIAL 65536 NEXT 1048576 MINEXTENTS 1 MAXEXTENTS 2147483645
  PCTINCREASE 0 FREELISTS 1 FREELIST GROUPS 1
  BUFFER_POOL DEFAULT FLASH_CACHE DEFAULT CELL_FLASH_CACHE DEFAULT)
  TABLESPACE "SYSAUX" ;
--------------------------------------------------------
--  DDL for Index COUR_P_ID
--------------------------------------------------------

  CREATE UNIQUE INDEX "ZOTAC"."COUR_P_ID" ON "ZOTAC"."COURSE" ("COUR_ID") 
  PCTFREE 10 INITRANS 2 MAXTRANS 255 COMPUTE STATISTICS 
  STORAGE(INITIAL 65536 NEXT 1048576 MINEXTENTS 1 MAXEXTENTS 2147483645
  PCTINCREASE 0 FREELISTS 1 FREELIST GROUPS 1
  BUFFER_POOL DEFAULT FLASH_CACHE DEFAULT CELL_FLASH_CACHE DEFAULT)
  TABLESPACE "SYSAUX" ;
--------------------------------------------------------
--  DDL for Index RCR_ID
--------------------------------------------------------

  CREATE UNIQUE INDEX "ZOTAC"."RCR_ID" ON "ZOTAC"."CLASS_ROOM" ("B_ID") 
  PCTFREE 10 INITRANS 2 MAXTRANS 255 COMPUTE STATISTICS 
  STORAGE(INITIAL 65536 NEXT 1048576 MINEXTENTS 1 MAXEXTENTS 2147483645
  PCTINCREASE 0 FREELISTS 1 FREELIST GROUPS 1
  BUFFER_POOL DEFAULT FLASH_CACHE DEFAULT CELL_FLASH_CACHE DEFAULT)
  TABLESPACE "SYSAUX" ;
--------------------------------------------------------
--  DDL for Index INS_MED_P_ID
--------------------------------------------------------

  CREATE UNIQUE INDEX "ZOTAC"."INS_MED_P_ID" ON "ZOTAC"."INSTRUCTOR_MEDIA" ("IM_ID") 
  PCTFREE 10 INITRANS 2 MAXTRANS 255 COMPUTE STATISTICS 
  STORAGE(INITIAL 65536 NEXT 1048576 MINEXTENTS 1 MAXEXTENTS 2147483645
  PCTINCREASE 0 FREELISTS 1 FREELIST GROUPS 1
  BUFFER_POOL DEFAULT FLASH_CACHE DEFAULT CELL_FLASH_CACHE DEFAULT)
  TABLESPACE "SYSAUX" ;
--------------------------------------------------------
--  DDL for Index RM_ID
--------------------------------------------------------

  CREATE UNIQUE INDEX "ZOTAC"."RM_ID" ON "ZOTAC"."ROOM_MEDIA" ("RM_ID") 
  PCTFREE 10 INITRANS 2 MAXTRANS 255 COMPUTE STATISTICS 
  STORAGE(INITIAL 65536 NEXT 1048576 MINEXTENTS 1 MAXEXTENTS 2147483645
  PCTINCREASE 0 FREELISTS 1 FREELIST GROUPS 1
  BUFFER_POOL DEFAULT FLASH_CACHE DEFAULT CELL_FLASH_CACHE DEFAULT)
  TABLESPACE "SYSAUX" ;
--------------------------------------------------------
--  DDL for Index INS_TS_P_ID
--------------------------------------------------------

  CREATE UNIQUE INDEX "ZOTAC"."INS_TS_P_ID" ON "ZOTAC"."INSTRUCTOR_TIMESLOT" ("ITS_ID") 
  PCTFREE 10 INITRANS 2 MAXTRANS 255 COMPUTE STATISTICS 
  STORAGE(INITIAL 65536 NEXT 1048576 MINEXTENTS 1 MAXEXTENTS 2147483645
  PCTINCREASE 0 FREELISTS 1 FREELIST GROUPS 1
  BUFFER_POOL DEFAULT FLASH_CACHE DEFAULT CELL_FLASH_CACHE DEFAULT)
  TABLESPACE "SYSAUX" ;
--------------------------------------------------------
--  DDL for Index INSTRUCTOR
--------------------------------------------------------

  CREATE UNIQUE INDEX "ZOTAC"."INSTRUCTOR" ON "ZOTAC"."INSTRUCTOR" ("EMP_ID") 
  PCTFREE 10 INITRANS 2 MAXTRANS 255 COMPUTE STATISTICS 
  STORAGE(INITIAL 65536 NEXT 1048576 MINEXTENTS 1 MAXEXTENTS 2147483645
  PCTINCREASE 0 FREELISTS 1 FREELIST GROUPS 1
  BUFFER_POOL DEFAULT FLASH_CACHE DEFAULT CELL_FLASH_CACHE DEFAULT)
  TABLESPACE "SYSAUX" ;
--------------------------------------------------------
--  DDL for Index SS_P_ID
--------------------------------------------------------

  CREATE UNIQUE INDEX "ZOTAC"."SS_P_ID" ON "ZOTAC"."SECTION_SCHEDULE" ("SS_ID") 
  PCTFREE 10 INITRANS 2 MAXTRANS 255 COMPUTE STATISTICS 
  STORAGE(INITIAL 65536 NEXT 1048576 MINEXTENTS 1 MAXEXTENTS 2147483645
  PCTINCREASE 0 FREELISTS 1 FREELIST GROUPS 1
  BUFFER_POOL DEFAULT FLASH_CACHE DEFAULT CELL_FLASH_CACHE DEFAULT)
  TABLESPACE "SYSAUX" ;
--------------------------------------------------------
--  DDL for Index EMP_DEPARTMENT_IX
--------------------------------------------------------

  CREATE INDEX "ZOTAC"."EMP_DEPARTMENT_IX" ON "ZOTAC"."EMPLOYEES" ("DEPARTMENT_ID") 
  PCTFREE 10 INITRANS 2 MAXTRANS 255 COMPUTE STATISTICS 
  STORAGE(INITIAL 65536 NEXT 1048576 MINEXTENTS 1 MAXEXTENTS 2147483645
  PCTINCREASE 0 FREELISTS 1 FREELIST GROUPS 1
  BUFFER_POOL DEFAULT FLASH_CACHE DEFAULT CELL_FLASH_CACHE DEFAULT)
  TABLESPACE "SYSAUX" ;
--------------------------------------------------------
--  DDL for Index COMPUTER_ID
--------------------------------------------------------

  CREATE UNIQUE INDEX "ZOTAC"."COMPUTER_ID" ON "ZOTAC"."COMPUTER" ("CTYPE_ID") 
  PCTFREE 10 INITRANS 2 MAXTRANS 255 COMPUTE STATISTICS 
  STORAGE(INITIAL 65536 NEXT 1048576 MINEXTENTS 1 MAXEXTENTS 2147483645
  PCTINCREASE 0 FREELISTS 1 FREELIST GROUPS 1
  BUFFER_POOL DEFAULT FLASH_CACHE DEFAULT CELL_FLASH_CACHE DEFAULT)
  TABLESPACE "SYSAUX" ;
--------------------------------------------------------
--  DDL for Index EMP_NAME_IX
--------------------------------------------------------

  CREATE INDEX "ZOTAC"."EMP_NAME_IX" ON "ZOTAC"."EMPLOYEES" ("LAST_NAME", "FIRST_NAME") 
  PCTFREE 10 INITRANS 2 MAXTRANS 255 COMPUTE STATISTICS 
  STORAGE(INITIAL 65536 NEXT 1048576 MINEXTENTS 1 MAXEXTENTS 2147483645
  PCTINCREASE 0 FREELISTS 1 FREELIST GROUPS 1
  BUFFER_POOL DEFAULT FLASH_CACHE DEFAULT CELL_FLASH_CACHE DEFAULT)
  TABLESPACE "SYSAUX" ;
--------------------------------------------------------
--  DDL for Index SCH_P_ID
--------------------------------------------------------

  CREATE UNIQUE INDEX "ZOTAC"."SCH_P_ID" ON "ZOTAC"."SCHEDULE" ("S_ID") 
  PCTFREE 10 INITRANS 2 MAXTRANS 255 COMPUTE STATISTICS 
  STORAGE(INITIAL 65536 NEXT 1048576 MINEXTENTS 1 MAXEXTENTS 2147483645
  PCTINCREASE 0 FREELISTS 1 FREELIST GROUPS 1
  BUFFER_POOL DEFAULT FLASH_CACHE DEFAULT CELL_FLASH_CACHE DEFAULT)
  TABLESPACE "SYSAUX" ;
--------------------------------------------------------
--  DDL for Index EMP_MANAGER_IX
--------------------------------------------------------

  CREATE INDEX "ZOTAC"."EMP_MANAGER_IX" ON "ZOTAC"."EMPLOYEES" ("MANAGER_ID") 
  PCTFREE 10 INITRANS 2 MAXTRANS 255 COMPUTE STATISTICS 
  STORAGE(INITIAL 65536 NEXT 1048576 MINEXTENTS 1 MAXEXTENTS 2147483645
  PCTINCREASE 0 FREELISTS 1 FREELIST GROUPS 1
  BUFFER_POOL DEFAULT FLASH_CACHE DEFAULT CELL_FLASH_CACHE DEFAULT)
  TABLESPACE "SYSAUX" ;
--------------------------------------------------------
--  DDL for Index CS_P_ID
--------------------------------------------------------

  CREATE UNIQUE INDEX "ZOTAC"."CS_P_ID" ON "ZOTAC"."COURSES" ("CS_ID") 
  PCTFREE 10 INITRANS 2 MAXTRANS 255 COMPUTE STATISTICS 
  STORAGE(INITIAL 65536 NEXT 1048576 MINEXTENTS 1 MAXEXTENTS 2147483645
  PCTINCREASE 0 FREELISTS 1 FREELIST GROUPS 1
  BUFFER_POOL DEFAULT FLASH_CACHE DEFAULT CELL_FLASH_CACHE DEFAULT)
  TABLESPACE "SYSAUX" ;
--------------------------------------------------------
--  DDL for Index SEC_P_ID
--------------------------------------------------------

  CREATE UNIQUE INDEX "ZOTAC"."SEC_P_ID" ON "ZOTAC"."SECTION" ("SEC_ID") 
  PCTFREE 10 INITRANS 2 MAXTRANS 255 COMPUTE STATISTICS 
  STORAGE(INITIAL 65536 NEXT 1048576 MINEXTENTS 1 MAXEXTENTS 2147483645
  PCTINCREASE 0 FREELISTS 1 FREELIST GROUPS 1
  BUFFER_POOL DEFAULT FLASH_CACHE DEFAULT CELL_FLASH_CACHE DEFAULT)
  TABLESPACE "SYSAUX" ;
--------------------------------------------------------
--  DDL for Index RRLK_CROOM_B_TYPE
--------------------------------------------------------

  CREATE UNIQUE INDEX "ZOTAC"."RRLK_CROOM_B_TYPE" ON "ZOTAC"."LAB" ("B_ID") 
  PCTFREE 10 INITRANS 2 MAXTRANS 255 COMPUTE STATISTICS 
  STORAGE(INITIAL 65536 NEXT 1048576 MINEXTENTS 1 MAXEXTENTS 2147483645
  PCTINCREASE 0 FREELISTS 1 FREELIST GROUPS 1
  BUFFER_POOL DEFAULT FLASH_CACHE DEFAULT CELL_FLASH_CACHE DEFAULT)
  TABLESPACE "SYSAUX" ;
--------------------------------------------------------
--  DDL for Index STD
--------------------------------------------------------

  CREATE UNIQUE INDEX "ZOTAC"."STD" ON "ZOTAC"."STD" ("STD_ID") 
  PCTFREE 10 INITRANS 2 MAXTRANS 255 COMPUTE STATISTICS 
  STORAGE(INITIAL 65536 NEXT 1048576 MINEXTENTS 1 MAXEXTENTS 2147483645
  PCTINCREASE 0 FREELISTS 1 FREELIST GROUPS 1
  BUFFER_POOL DEFAULT FLASH_CACHE DEFAULT CELL_FLASH_CACHE DEFAULT)
  TABLESPACE "SYSAUX" ;
--------------------------------------------------------
--  DDL for Index TIME
--------------------------------------------------------

  CREATE UNIQUE INDEX "ZOTAC"."TIME" ON "ZOTAC"."TIMESLOT" ("TS_ID") 
  PCTFREE 10 INITRANS 2 MAXTRANS 255 COMPUTE STATISTICS 
  STORAGE(INITIAL 65536 NEXT 1048576 MINEXTENTS 1 MAXEXTENTS 2147483645
  PCTINCREASE 0 FREELISTS 1 FREELIST GROUPS 1
  BUFFER_POOL DEFAULT FLASH_CACHE DEFAULT CELL_FLASH_CACHE DEFAULT)
  TABLESPACE "SYSAUX" ;
--------------------------------------------------------
--  DDL for Index EMP_EMP_ID_PK
--------------------------------------------------------

  CREATE UNIQUE INDEX "ZOTAC"."EMP_EMP_ID_PK" ON "ZOTAC"."EMPLOYEES" ("EMPLOYEE_ID") 
  PCTFREE 10 INITRANS 2 MAXTRANS 255 COMPUTE STATISTICS 
  STORAGE(INITIAL 65536 NEXT 1048576 MINEXTENTS 1 MAXEXTENTS 2147483645
  PCTINCREASE 0 FREELISTS 1 FREELIST GROUPS 1
  BUFFER_POOL DEFAULT FLASH_CACHE DEFAULT CELL_FLASH_CACHE DEFAULT)
  TABLESPACE "SYSAUX" ;
--------------------------------------------------------
--  DDL for Trigger SECURE_EMPLOYEES
--------------------------------------------------------

  CREATE OR REPLACE EDITIONABLE TRIGGER "ZOTAC"."SECURE_EMPLOYEES" 
  BEFORE INSERT OR UPDATE OR DELETE ON employees
BEGIN
  secure_dml;
END secure_employees;

/
ALTER TRIGGER "ZOTAC"."SECURE_EMPLOYEES" DISABLE;
--------------------------------------------------------
--  DDL for Trigger UPDATE_JOB_HISTORY
--------------------------------------------------------

  CREATE OR REPLACE EDITIONABLE TRIGGER "ZOTAC"."UPDATE_JOB_HISTORY" 
  AFTER UPDATE OF job_id, department_id ON employees
  FOR EACH ROW
BEGIN
  add_job_history(:old.employee_id, :old.hire_date, sysdate,
                  :old.job_id, :old.department_id);
END;

/
ALTER TRIGGER "ZOTAC"."UPDATE_JOB_HISTORY" ENABLE;
--------------------------------------------------------
--  DDL for Procedure ADD_JOB_HISTORY
--------------------------------------------------------
set define off;

  CREATE OR REPLACE EDITIONABLE PROCEDURE "ZOTAC"."ADD_JOB_HISTORY" 
  (  p_emp_id          job_history.employee_id%type
   , p_start_date      job_history.start_date%type
   , p_end_date        job_history.end_date%type
   , p_job_id          job_history.job_id%type
   , p_department_id   job_history.department_id%type
   )
IS
BEGIN
  INSERT INTO job_history (employee_id, start_date, end_date,
                           job_id, department_id)
    VALUES(p_emp_id, p_start_date, p_end_date, p_job_id, p_department_id);
END add_job_history;

/
--------------------------------------------------------
--  DDL for Procedure SECURE_DML
--------------------------------------------------------
set define off;

  CREATE OR REPLACE EDITIONABLE PROCEDURE "ZOTAC"."SECURE_DML" 
IS
BEGIN
  IF TO_CHAR (SYSDATE, 'HH24:MI') NOT BETWEEN '08:00' AND '18:00'
        OR TO_CHAR (SYSDATE, 'DY') IN ('SAT', 'SUN') THEN
	RAISE_APPLICATION_ERROR (-20205,
		'You may only make changes during normal office hours');
  END IF;
END secure_dml;

/
--------------------------------------------------------
--  Constraints for Table ADMIN
--------------------------------------------------------

  ALTER TABLE "ZOTAC"."ADMIN" ADD CONSTRAINT "ADMIN" PRIMARY KEY ("ID")
  USING INDEX "ZOTAC"."ADMIN"  ENABLE;
--------------------------------------------------------
--  Constraints for Table EMPLOYEES
--------------------------------------------------------

  ALTER TABLE "ZOTAC"."EMPLOYEES" MODIFY ("LAST_NAME" CONSTRAINT "EMP_LAST_NAME_NN" NOT NULL ENABLE);
  ALTER TABLE "ZOTAC"."EMPLOYEES" MODIFY ("EMAIL" CONSTRAINT "EMP_EMAIL_NN" NOT NULL ENABLE);
  ALTER TABLE "ZOTAC"."EMPLOYEES" MODIFY ("HIRE_DATE" CONSTRAINT "EMP_HIRE_DATE_NN" NOT NULL ENABLE);
  ALTER TABLE "ZOTAC"."EMPLOYEES" MODIFY ("JOB_ID" CONSTRAINT "EMP_JOB_NN" NOT NULL ENABLE);
  ALTER TABLE "ZOTAC"."EMPLOYEES" ADD CONSTRAINT "EMP_SALARY_MIN" CHECK (salary > 0) ENABLE;
  ALTER TABLE "ZOTAC"."EMPLOYEES" ADD CONSTRAINT "EMP_EMAIL_UK" UNIQUE ("EMAIL")
  USING INDEX "ZOTAC"."EMP_EMAIL_UK"  ENABLE;
  ALTER TABLE "ZOTAC"."EMPLOYEES" ADD CONSTRAINT "EMP_EMP_ID_PK" PRIMARY KEY ("EMPLOYEE_ID")
  USING INDEX "ZOTAC"."EMP_EMP_ID_PK"  ENABLE;
--------------------------------------------------------
--  Constraints for Table ROOM
--------------------------------------------------------

  ALTER TABLE "ZOTAC"."ROOM" ADD CONSTRAINT "RK_ROOM_B_ID" PRIMARY KEY ("BUILDING_ID")
  USING INDEX "ZOTAC"."RK_ROOM_B_ID"  ENABLE;
--------------------------------------------------------
--  Constraints for Table CLASS_ROOM
--------------------------------------------------------

  ALTER TABLE "ZOTAC"."CLASS_ROOM" ADD CONSTRAINT "RCR_ID" PRIMARY KEY ("B_ID")
  USING INDEX "ZOTAC"."RCR_ID"  ENABLE;
--------------------------------------------------------
--  Constraints for Table COURSES
--------------------------------------------------------

  ALTER TABLE "ZOTAC"."COURSES" ADD CONSTRAINT "CS_P_ID" PRIMARY KEY ("CS_ID")
  USING INDEX "ZOTAC"."CS_P_ID"  ENABLE;
--------------------------------------------------------
--  Constraints for Table ROOM_MEDIA
--------------------------------------------------------

  ALTER TABLE "ZOTAC"."ROOM_MEDIA" ADD CONSTRAINT "RM_ID" PRIMARY KEY ("RM_ID")
  USING INDEX "ZOTAC"."RM_ID"  ENABLE;
--------------------------------------------------------
--  Constraints for Table SECTION
--------------------------------------------------------

  ALTER TABLE "ZOTAC"."SECTION" ADD CONSTRAINT "SEC_P_ID" PRIMARY KEY ("SEC_ID")
  USING INDEX "ZOTAC"."SEC_P_ID"  ENABLE;
--------------------------------------------------------
--  Constraints for Table INSTRUCTOR
--------------------------------------------------------

  ALTER TABLE "ZOTAC"."INSTRUCTOR" ADD CONSTRAINT "INSTRUCTOR" PRIMARY KEY ("EMP_ID")
  USING INDEX "ZOTAC"."INSTRUCTOR"  ENABLE;
--------------------------------------------------------
--  Constraints for Table SECTION_SCHEDULE
--------------------------------------------------------

  ALTER TABLE "ZOTAC"."SECTION_SCHEDULE" ADD CONSTRAINT "SS_P_ID" PRIMARY KEY ("SS_ID")
  USING INDEX "ZOTAC"."SS_P_ID"  ENABLE;
--------------------------------------------------------
--  Constraints for Table LAB
--------------------------------------------------------

  ALTER TABLE "ZOTAC"."LAB" ADD CONSTRAINT "RRLK_CROOM_B_TYPE" PRIMARY KEY ("B_ID")
  USING INDEX "ZOTAC"."RRLK_CROOM_B_TYPE"  ENABLE;
--------------------------------------------------------
--  Constraints for Table SCHEDULE
--------------------------------------------------------

  ALTER TABLE "ZOTAC"."SCHEDULE" ADD CONSTRAINT "SCH_P_ID" PRIMARY KEY ("S_ID")
  USING INDEX "ZOTAC"."SCH_P_ID"  ENABLE;
--------------------------------------------------------
--  Constraints for Table INSTRUCTOR_MEDIA
--------------------------------------------------------

  ALTER TABLE "ZOTAC"."INSTRUCTOR_MEDIA" ADD CONSTRAINT "INS_MED_P_ID" PRIMARY KEY ("IM_ID")
  USING INDEX "ZOTAC"."INS_MED_P_ID"  ENABLE;
--------------------------------------------------------
--  Constraints for Table MEDIA
--------------------------------------------------------

  ALTER TABLE "ZOTAC"."MEDIA" ADD CONSTRAINT "MEDIA_ID" PRIMARY KEY ("MTYPE_ID")
  USING INDEX "ZOTAC"."MEDIA_ID"  ENABLE;
--------------------------------------------------------
--  Constraints for Table INSTRUCTOR_TIMESLOT
--------------------------------------------------------

  ALTER TABLE "ZOTAC"."INSTRUCTOR_TIMESLOT" ADD CONSTRAINT "INS_TS_P_ID" PRIMARY KEY ("ITS_ID")
  USING INDEX "ZOTAC"."INS_TS_P_ID"  ENABLE;
--------------------------------------------------------
--  Constraints for Table COURSE
--------------------------------------------------------

  ALTER TABLE "ZOTAC"."COURSE" ADD CONSTRAINT "COUR_P_ID" PRIMARY KEY ("COUR_ID")
  USING INDEX "ZOTAC"."COUR_P_ID"  ENABLE;
--------------------------------------------------------
--  Constraints for Table COMPUTER
--------------------------------------------------------

  ALTER TABLE "ZOTAC"."COMPUTER" ADD CONSTRAINT "COMPUTER_ID" PRIMARY KEY ("CTYPE_ID")
  USING INDEX "ZOTAC"."COMPUTER_ID"  ENABLE;
--------------------------------------------------------
--  Constraints for Table TIMESLOT
--------------------------------------------------------

  ALTER TABLE "ZOTAC"."TIMESLOT" ADD CONSTRAINT "TIME" PRIMARY KEY ("TS_ID")
  USING INDEX "ZOTAC"."TIME"  ENABLE;
--------------------------------------------------------
--  Constraints for Table STD
--------------------------------------------------------

  ALTER TABLE "ZOTAC"."STD" ADD CONSTRAINT "STD" PRIMARY KEY ("STD_ID")
  USING INDEX "ZOTAC"."STD"  ENABLE;
--------------------------------------------------------
--  Ref Constraints for Table CLASS_ROOM
--------------------------------------------------------

  ALTER TABLE "ZOTAC"."CLASS_ROOM" ADD CONSTRAINT "RCR_FID" FOREIGN KEY ("B_ID")
	  REFERENCES "ZOTAC"."ROOM" ("BUILDING_ID") ENABLE;
--------------------------------------------------------
--  Ref Constraints for Table COURSE
--------------------------------------------------------

  ALTER TABLE "ZOTAC"."COURSE" ADD CONSTRAINT "CS_F_ID" FOREIGN KEY ("S_ID")
	  REFERENCES "ZOTAC"."SECTION" ("SEC_ID") ENABLE;
--------------------------------------------------------
--  Ref Constraints for Table COURSES
--------------------------------------------------------

  ALTER TABLE "ZOTAC"."COURSES" ADD CONSTRAINT "CCS_F_ID" FOREIGN KEY ("COUR_ID")
	  REFERENCES "ZOTAC"."COURSE" ("COUR_ID") ENABLE;
--------------------------------------------------------
--  Ref Constraints for Table EMPLOYEES
--------------------------------------------------------

  ALTER TABLE "ZOTAC"."EMPLOYEES" ADD CONSTRAINT "EMP_MANAGER_FK" FOREIGN KEY ("MANAGER_ID")
	  REFERENCES "ZOTAC"."EMPLOYEES" ("EMPLOYEE_ID") ENABLE;
--------------------------------------------------------
--  Ref Constraints for Table INSTRUCTOR_MEDIA
--------------------------------------------------------

  ALTER TABLE "ZOTAC"."INSTRUCTOR_MEDIA" ADD CONSTRAINT "INSM_F_ID" FOREIGN KEY ("EMP_ID")
	  REFERENCES "ZOTAC"."INSTRUCTOR" ("EMP_ID") ENABLE;
  ALTER TABLE "ZOTAC"."INSTRUCTOR_MEDIA" ADD CONSTRAINT "INS_MEDT_F_ID" FOREIGN KEY ("MTYPE_ID")
	  REFERENCES "ZOTAC"."MEDIA" ("MTYPE_ID") ENABLE;
--------------------------------------------------------
--  Ref Constraints for Table INSTRUCTOR_TIMESLOT
--------------------------------------------------------

  ALTER TABLE "ZOTAC"."INSTRUCTOR_TIMESLOT" ADD CONSTRAINT "INS_F_ID" FOREIGN KEY ("EMP_ID")
	  REFERENCES "ZOTAC"."INSTRUCTOR" ("EMP_ID") ENABLE;
  ALTER TABLE "ZOTAC"."INSTRUCTOR_TIMESLOT" ADD CONSTRAINT "TS_F_ID" FOREIGN KEY ("TS_ID")
	  REFERENCES "ZOTAC"."TIMESLOT" ("TS_ID") ENABLE;
--------------------------------------------------------
--  Ref Constraints for Table LAB
--------------------------------------------------------

  ALTER TABLE "ZOTAC"."LAB" ADD CONSTRAINT "RRK_CROOM_B_TYPE" FOREIGN KEY ("B_ID")
	  REFERENCES "ZOTAC"."ROOM" ("BUILDING_ID") ENABLE;
  ALTER TABLE "ZOTAC"."LAB" ADD CONSTRAINT "CCOMPUTER_ID" FOREIGN KEY ("C_ID")
	  REFERENCES "ZOTAC"."COMPUTER" ("CTYPE_ID") ENABLE;
--------------------------------------------------------
--  Ref Constraints for Table ROOM_MEDIA
--------------------------------------------------------

  ALTER TABLE "ZOTAC"."ROOM_MEDIA" ADD CONSTRAINT "RM_F_RN" FOREIGN KEY ("RN")
	  REFERENCES "ZOTAC"."ROOM" ("BUILDING_ID") ENABLE;
  ALTER TABLE "ZOTAC"."ROOM_MEDIA" ADD CONSTRAINT "RM_F_MT_ID" FOREIGN KEY ("MT_ID")
	  REFERENCES "ZOTAC"."MEDIA" ("MTYPE_ID") ENABLE;
--------------------------------------------------------
--  Ref Constraints for Table SCHEDULE
--------------------------------------------------------

  ALTER TABLE "ZOTAC"."SCHEDULE" ADD CONSTRAINT "TSS_F_ID" FOREIGN KEY ("TS_ID")
	  REFERENCES "ZOTAC"."TIMESLOT" ("TS_ID") ENABLE;
--------------------------------------------------------
--  Ref Constraints for Table SECTION
--------------------------------------------------------

  ALTER TABLE "ZOTAC"."SECTION" ADD CONSTRAINT "INST_F_ID" FOREIGN KEY ("EMP_ID")
	  REFERENCES "ZOTAC"."INSTRUCTOR" ("EMP_ID") ENABLE;
--------------------------------------------------------
--  Ref Constraints for Table SECTION_SCHEDULE
--------------------------------------------------------

  ALTER TABLE "ZOTAC"."SECTION_SCHEDULE" ADD CONSTRAINT "SCHS_F_ID" FOREIGN KEY ("S_ID")
	  REFERENCES "ZOTAC"."SCHEDULE" ("S_ID") ENABLE;
  ALTER TABLE "ZOTAC"."SECTION_SCHEDULE" ADD CONSTRAINT "SECS_F_ID" FOREIGN KEY ("SEC_ID")
	  REFERENCES "ZOTAC"."SECTION" ("SEC_ID") ENABLE;
